2_1_10_2_mut_H72FA117NA118YA119KT121M_round_1_0005_0001,-37.314,0.000
2_1_10_2_mut_H72FA117NA118YA119KT121M_round_1_0012_0001,-36.893,0.201
2_1_10_2_mut_H72FA117NA118YA119KT121M_round_1_0016_0001,-34.431,1.324
2_1_3_2_mut_H72FA117NA118YA119KT121M_round_1_0011_0001,-36.842,0.476
2_1_3_2_mut_H72FA117NA118YA119KT121M_round_1_0013_0001,-35.596,0.562
2_1_4_2_mut_H72FA117NA118YA119KT121M_round_1_0015_0001,-37.183,0.866
2_1_5_2_mut_H72FA117NA118YA119KT121M_round_1_0004_0001,-41.237,0.635
2_1_5_2_mut_H72FA117NA118YA119KT121M_round_1_0014_0001,-32.204,1.141
2_1_7_2_mut_H72FA117NA118YA119KT121M_round_1_0006_0001,-34.062,0.546
2_1_8_2_mut_H72FA117NA118YA119KT121M_round_1_0002_0001,-39.136,0.091
2_1_8_2_mut_H72FA117NA118YA119KT121M_round_1_0006_0001,-39.42,0.538
4_2_10_4_mut_H72FA117NA118YA119KT121M_round_2_0009_0001,-38.338,0.382
4_2_2_4_mut_H72FA117NA118YA119KT121M_round_2_0011_0001,-37.573,0.408
4_2_2_4_mut_H72FA117NA118YA119KT121M_round_2_0015_0001,-35.198,0.821
4_2_4_4_mut_H72FA117NA118YA119KT121M_round_2_0004_0001,-40.186,0.544
4_2_4_4_mut_H72FA117NA118YA119KT121M_round_2_0006_0001,-35.35,1.588
4_2_4_4_mut_H72FA117NA118YA119KT121M_round_2_0020_0001,-34.676,1.216
4_2_5_4_mut_H72FA117NA118YA119KT121M_round_2_0016_0001,-38.305,0.383
4_2_5_4_mut_H72FA117NA118YA119KT121M_round_2_0019_0001,-41.196,0.591
4_2_6_4_mut_H72FA117NA118YA119KT121M_round_2_0009_0001,-33.752,1.108
4_2_6_4_mut_H72FA117NA118YA119KT121M_round_2_0015_0001,-36.847,0.465
4_2_6_4_mut_H72FA117NA118YA119KT121M_round_2_0016_0001,-34.708,0.604
4_2_7_4_mut_H72FA117NA118YA119KT121M_round_2_0017_0001,-36.809,0.350
4_2_7_4_mut_H72FA117NA118YA119KT121M_round_2_0020_0001,-34.55,1.237
4_2_9_4_mut_H72FA117NA118YA119KT121M_round_2_0007_0001,-40.364,0.574
6_4_10_6_mut_H72FA117NA118YA119KT121M_round_4_0002_0001,-40.54,0.544
6_4_10_6_mut_H72FA117NA118YA119KT121M_round_4_0012_0001,-39.272,0.674
6_4_10_6_mut_H72FA117NA118YA119KT121M_round_4_0015_0001,-38.525,0.377
6_4_10_6_mut_H72FA117NA118YA119KT121M_round_4_0017_0001,-39.733,0.337
6_4_1_6_mut_H72FA117NA118YA119KT121M_round_4_0005_0001,-37.933,0.174
6_4_1_6_mut_H72FA117NA118YA119KT121M_round_4_0012_0001,-37.328,0.526
6_4_2_6_mut_H72FA117NA118YA119KT121M_round_4_0002_0001,-38.148,0.482
6_4_2_6_mut_H72FA117NA118YA119KT121M_round_4_0004_0001,-38.604,0.402
6_4_2_6_mut_H72FA117NA118YA119KT121M_round_4_0015_0001,-36.865,0.093
6_4_3_6_mut_H72FA117NA118YA119KT121M_round_4_0003_0001,-37.723,0.433
6_4_3_6_mut_H72FA117NA118YA119KT121M_round_4_0008_0001,-37.601,0.770
6_4_3_6_mut_H72FA117NA118YA119KT121M_round_4_0013_0001,-37.204,1.110
6_4_4_6_mut_H72FA117NA118YA119KT121M_round_4_0014_0001,-36.758,0.527
6_4_5_6_mut_H72FA117NA118YA119KT121M_round_4_0004_0001,-37.42,1.033
6_4_5_6_mut_H72FA117NA118YA119KT121M_round_4_0020_0001,-34.963,1.251
6_4_7_6_mut_H72FA117NA118YA119KT121M_round_4_0001_0001,-37.729,1.038
6_4_7_6_mut_H72FA117NA118YA119KT121M_round_4_0009_0001,-35.316,1.082
6_4_8_6_mut_H72FA117NA118YA119KT121M_round_4_0007_0001,-41.347,0.562
6_4_8_6_mut_H72FA117NA118YA119KT121M_round_4_0010_0001,-41.302,0.586
6_4_8_6_mut_H72FA117NA118YA119KT121M_round_4_0016_0001,-36.71,0.997
6_4_8_6_mut_H72FA117NA118YA119KT121M_round_4_0018_0001,-39.802,2.348
6_4_9_6_mut_H72FA117NA118YA119KT121M_round_4_0002_0001,-37.123,0.527
6_4_9_6_mut_H72FA117NA118YA119KT121M_round_4_0005_0001,-35.951,0.835
6_4_9_6_mut_H72FA117NA118YA119KT121M_round_4_0012_0001,-39.396,0.538
6_4_9_6_mut_H72FA117NA118YA119KT121M_round_4_0015_0001,-35.512,0.503
