2_5_1_2_mut_S93KE94VK96C_round_5_0002_0001,-36.776,0.000
2_5_1_2_mut_S93KE94VK96C_round_5_0011_0001,-35.193,8.074
2_5_1_2_mut_S93KE94VK96C_round_5_0020_0001,-34.374,13.646
2_5_2_2_mut_S93KE94VK96C_round_5_0005_0001,-35.888,8.384
2_5_2_2_mut_S93KE94VK96C_round_5_0021_0001,-34.886,7.365
2_5_2_2_mut_S93KE94VK96C_round_5_0024_0001,-36.505,11.664
2_5_3_2_mut_S93KE94VK96C_round_5_0006_0001,-35.104,6.786
2_5_3_2_mut_S93KE94VK96C_round_5_0012_0001,-35.009,6.756
2_5_3_2_mut_S93KE94VK96C_round_5_0018_0001,-34.993,9.211
2_5_4_2_mut_S93KE94VK96C_round_5_0020_0001,-34.125,9.441
2_5_5_2_mut_S93KE94VK96C_round_5_0011_0001,-34.998,7.344
2_5_5_2_mut_S93KE94VK96C_round_5_0015_0001,-35.015,6.855
2_5_6_2_mut_S93KE94VK96C_round_5_0019_0001,-37.038,7.218
2_5_7_2_mut_S93KE94VK96C_round_5_0003_0001,-34.845,13.526
2_5_7_2_mut_S93KE94VK96C_round_5_0004_0001,-36.586,11.386
2_5_7_2_mut_S93KE94VK96C_round_5_0018_0001,-35.153,14.634
2_5_7_2_mut_S93KE94VK96C_round_5_0022_0001,-34.166,8.707
2_5_8_2_mut_S93KE94VK96C_round_5_0012_0001,-33.872,10.902
2_5_8_2_mut_S93KE94VK96C_round_5_0013_0001,-35.052,6.598
4_4_1_4_mut_S93KE94VK96C_round_4_0002_0001,-36.797,0.592
4_4_2_4_mut_S93KE94VK96C_round_4_0010_0001,-34.197,9.175
4_4_3_4_mut_S93KE94VK96C_round_4_0012_0001,-34.795,14.769
4_4_3_4_mut_S93KE94VK96C_round_4_0014_0001,-34.837,12.647
4_4_3_4_mut_S93KE94VK96C_round_4_0016_0001,-34.956,7.580
4_4_4_4_mut_S93KE94VK96C_round_4_0009_0001,-36.805,0.935
4_4_4_4_mut_S93KE94VK96C_round_4_0015_0001,-34.149,10.172
4_4_5_4_mut_S93KE94VK96C_round_4_0011_0001,-36.118,7.148
4_4_6_4_mut_S93KE94VK96C_round_4_0009_0001,-35.166,7.503
4_4_6_4_mut_S93KE94VK96C_round_4_0015_0001,-36.538,8.810
4_4_7_4_mut_S93KE94VK96C_round_4_0003_0001,-35.028,6.818
4_4_8_4_mut_S93KE94VK96C_round_4_0010_0001,-35.885,17.353
4_4_8_4_mut_S93KE94VK96C_round_4_0014_0001,-34.815,12.934
4_4_8_4_mut_S93KE94VK96C_round_4_0023_0001,-34.719,12.940
9_4_1_9_mut_S93KE94VK96C_round_4_0006_0001,-35.012,6.773
9_4_2_9_mut_S93KE94VK96C_round_4_0013_0001,-35.126,8.096
9_4_2_9_mut_S93KE94VK96C_round_4_0020_0001,-36.531,14.020
9_4_2_9_mut_S93KE94VK96C_round_4_0022_0001,-36.751,7.460
9_4_2_9_mut_S93KE94VK96C_round_4_0024_0001,-34.841,13.134
9_4_3_9_mut_S93KE94VK96C_round_4_0011_0001,-35.017,6.833
9_4_3_9_mut_S93KE94VK96C_round_4_0017_0001,-34.868,9.429
9_4_3_9_mut_S93KE94VK96C_round_4_0021_0001,-36.06,5.402
9_4_4_9_mut_S93KE94VK96C_round_4_0009_0001,-34.35,9.595
9_4_5_9_mut_S93KE94VK96C_round_4_0001_0001,-35.624,13.713
9_4_5_9_mut_S93KE94VK96C_round_4_0007_0001,-34.931,13.055
9_4_5_9_mut_S93KE94VK96C_round_4_0010_0001,-36.757,11.816
9_4_5_9_mut_S93KE94VK96C_round_4_0011_0001,-36.453,7.407
9_4_6_9_mut_S93KE94VK96C_round_4_0011_0001,-34.911,7.911
9_4_7_9_mut_S93KE94VK96C_round_4_0008_0001,-34.872,13.700
9_4_8_9_mut_S93KE94VK96C_round_4_0004_0001,-34.915,8.093
9_4_8_9_mut_S93KE94VK96C_round_4_0017_0001,-35.887,8.305
