3_1_1_3_mut_E92KA93QE95SK97TV98L_round_1_0008_0001,-23.698,0.000
3_1_1_3_mut_E92KA93QE95SK97TV98L_round_1_0014_0001,-23.57,2.155
3_1_1_3_mut_E92KA93QE95SK97TV98L_round_1_0015_0001,-22.964,1.796
3_1_1_3_mut_E92KA93QE95SK97TV98L_round_1_0024_0001,-26.909,1.851
3_1_2_3_mut_E92KA93QE95SK97TV98L_round_1_0004_0001,-23.388,0.949
3_1_3_3_mut_E92KA93QE95SK97TV98L_round_1_0008_0001,-25.354,4.190
3_1_5_3_mut_E92KA93QE95SK97TV98L_round_1_0001_0001,-23.711,4.296
3_1_5_3_mut_E92KA93QE95SK97TV98L_round_1_0005_0001,-23.087,2.702
3_1_6_3_mut_E92KA93QE95SK97TV98L_round_1_0001_0001,-24.398,0.756
3_1_6_3_mut_E92KA93QE95SK97TV98L_round_1_0002_0001,-25.549,1.239
3_1_6_3_mut_E92KA93QE95SK97TV98L_round_1_0006_0001,-22.491,2.239
3_1_6_3_mut_E92KA93QE95SK97TV98L_round_1_0012_0001,-26.612,2.215
3_1_7_3_mut_E92KA93QE95SK97TV98L_round_1_0010_0001,-24.154,2.982
3_1_7_3_mut_E92KA93QE95SK97TV98L_round_1_0014_0001,-24.149,0.307
3_1_7_3_mut_E92KA93QE95SK97TV98L_round_1_0025_0001,-26.201,1.468
3_1_8_3_mut_E92KA93QE95SK97TV98L_round_1_0003_0001,-24.746,2.146
4_5_1_4_mut_E92KA93QE95SK97TV98L_round_5_0007_0001,-24.991,1.237
4_5_2_4_mut_E92KA93QE95SK97TV98L_round_5_0007_0001,-24.285,1.266
4_5_2_4_mut_E92KA93QE95SK97TV98L_round_5_0008_0001,-24.469,2.203
4_5_3_4_mut_E92KA93QE95SK97TV98L_round_5_0012_0001,-22.158,2.736
4_5_3_4_mut_E92KA93QE95SK97TV98L_round_5_0020_0001,-23.471,2.586
4_5_3_4_mut_E92KA93QE95SK97TV98L_round_5_0024_0001,-24.193,2.094
4_5_4_4_mut_E92KA93QE95SK97TV98L_round_5_0014_0001,-21.997,1.026
4_5_4_4_mut_E92KA93QE95SK97TV98L_round_5_0021_0001,-22.717,2.462
4_5_5_4_mut_E92KA93QE95SK97TV98L_round_5_0023_0001,-22.261,3.530
4_5_6_4_mut_E92KA93QE95SK97TV98L_round_5_0022_0001,-24.495,1.211
4_5_7_4_mut_E92KA93QE95SK97TV98L_round_5_0019_0001,-25.902,4.020
4_5_7_4_mut_E92KA93QE95SK97TV98L_round_5_0021_0001,-24.747,1.426
4_5_7_4_mut_E92KA93QE95SK97TV98L_round_5_0022_0001,-23.044,1.027
4_5_8_4_mut_E92KA93QE95SK97TV98L_round_5_0002_0001,-23.794,1.461
5_2_1_5_mut_E92KA93QE95SK97TV98L_round_2_0016_0001,-22.06,2.389
5_2_2_5_mut_E92KA93QE95SK97TV98L_round_2_0002_0001,-25.052,1.032
5_2_2_5_mut_E92KA93QE95SK97TV98L_round_2_0015_0001,-23.579,1.445
5_2_2_5_mut_E92KA93QE95SK97TV98L_round_2_0016_0001,-22.561,2.462
5_2_2_5_mut_E92KA93QE95SK97TV98L_round_2_0023_0001,-26.384,1.563
5_2_3_5_mut_E92KA93QE95SK97TV98L_round_2_0008_0001,-24.361,0.586
5_2_3_5_mut_E92KA93QE95SK97TV98L_round_2_0022_0001,-25.748,1.154
5_2_3_5_mut_E92KA93QE95SK97TV98L_round_2_0025_0001,-21.652,2.509
5_2_4_5_mut_E92KA93QE95SK97TV98L_round_2_0025_0001,-22.465,2.042
5_2_5_5_mut_E92KA93QE95SK97TV98L_round_2_0021_0001,-25.1,1.547
5_2_5_5_mut_E92KA93QE95SK97TV98L_round_2_0025_0001,-26.4,1.222
5_2_6_5_mut_E92KA93QE95SK97TV98L_round_2_0012_0001,-21.966,3.508
5_2_6_5_mut_E92KA93QE95SK97TV98L_round_2_0015_0001,-24.045,2.955
5_2_7_5_mut_E92KA93QE95SK97TV98L_round_2_0006_0001,-23.463,1.409
5_2_7_5_mut_E92KA93QE95SK97TV98L_round_2_0014_0001,-24.269,1.076
5_2_7_5_mut_E92KA93QE95SK97TV98L_round_2_0016_0001,-23.984,1.501
5_2_8_5_mut_E92KA93QE95SK97TV98L_round_2_0012_0001,-24.519,3.471
5_2_8_5_mut_E92KA93QE95SK97TV98L_round_2_0017_0001,-27.262,1.753
5_2_8_5_mut_E92KA93QE95SK97TV98L_round_2_0020_0001,-24.164,1.452
5_2_8_5_mut_E92KA93QE95SK97TV98L_round_2_0021_0001,-26.055,1.447
