4_2_1_4_mut_S93IE94SS95VK96GV97L_round_2_0014_0001,-34.659,0.000
4_2_2_4_mut_S93IE94SS95VK96GV97L_round_2_0002_0001,-34.585,22.008
4_2_2_4_mut_S93IE94SS95VK96GV97L_round_2_0014_0001,-33.679,20.419
4_2_2_4_mut_S93IE94SS95VK96GV97L_round_2_0025_0001,-33.603,12.714
4_2_3_4_mut_S93IE94SS95VK96GV97L_round_2_0022_0001,-37.341,23.914
4_2_4_4_mut_S93IE94SS95VK96GV97L_round_2_0008_0001,-33.544,13.303
4_2_4_4_mut_S93IE94SS95VK96GV97L_round_2_0020_0001,-35.484,13.880
4_2_5_4_mut_S93IE94SS95VK96GV97L_round_2_0011_0001,-32.629,14.230
4_2_5_4_mut_S93IE94SS95VK96GV97L_round_2_0021_0001,-33.522,12.791
4_2_7_4_mut_S93IE94SS95VK96GV97L_round_2_0016_0001,-32.543,11.114
4_2_7_4_mut_S93IE94SS95VK96GV97L_round_2_0017_0001,-36.451,13.454
4_2_7_4_mut_S93IE94SS95VK96GV97L_round_2_0022_0001,-35.514,14.208
4_2_8_4_mut_S93IE94SS95VK96GV97L_round_2_0001_0001,-32.164,9.959
4_2_8_4_mut_S93IE94SS95VK96GV97L_round_2_0002_0001,-35.185,4.447
4_2_8_4_mut_S93IE94SS95VK96GV97L_round_2_0004_0001,-33.071,13.892
6_1_1_6_mut_S93IE94SS95VK96GV97L_round_1_0010_0001,-34.845,11.501
6_1_2_6_mut_S93IE94SS95VK96GV97L_round_1_0007_0001,-35.948,19.681
6_1_2_6_mut_S93IE94SS95VK96GV97L_round_1_0015_0001,-33.673,19.513
6_1_2_6_mut_S93IE94SS95VK96GV97L_round_1_0017_0001,-32.882,14.624
6_1_3_6_mut_S93IE94SS95VK96GV97L_round_1_0006_0001,-33.702,13.352
6_1_3_6_mut_S93IE94SS95VK96GV97L_round_1_0020_0001,-33.53,16.151
6_1_4_6_mut_S93IE94SS95VK96GV97L_round_1_0005_0001,-37.239,14.578
6_1_4_6_mut_S93IE94SS95VK96GV97L_round_1_0006_0001,-34.586,2.193
6_1_4_6_mut_S93IE94SS95VK96GV97L_round_1_0017_0001,-33.306,15.550
6_1_5_6_mut_S93IE94SS95VK96GV97L_round_1_0002_0001,-33.59,13.272
6_1_6_6_mut_S93IE94SS95VK96GV97L_round_1_0010_0001,-33.336,14.713
6_1_6_6_mut_S93IE94SS95VK96GV97L_round_1_0013_0001,-35.508,14.312
6_1_6_6_mut_S93IE94SS95VK96GV97L_round_1_0015_0001,-34.603,15.029
6_1_6_6_mut_S93IE94SS95VK96GV97L_round_1_0025_0001,-34.852,10.202
6_1_7_6_mut_S93IE94SS95VK96GV97L_round_1_0011_0001,-35.299,4.101
6_1_8_6_mut_S93IE94SS95VK96GV97L_round_1_0008_0001,-34.747,9.167
6_1_8_6_mut_S93IE94SS95VK96GV97L_round_1_0014_0001,-35.164,4.371
8_4_1_8_mut_S93IE94SS95VK96GV97L_round_4_0002_0001,-33.523,12.265
8_4_1_8_mut_S93IE94SS95VK96GV97L_round_4_0020_0001,-34.718,13.955
8_4_2_8_mut_S93IE94SS95VK96GV97L_round_4_0005_0001,-33.127,12.290
8_4_3_8_mut_S93IE94SS95VK96GV97L_round_4_0011_0001,-33.397,9.815
8_4_3_8_mut_S93IE94SS95VK96GV97L_round_4_0018_0001,-34.681,14.022
8_4_3_8_mut_S93IE94SS95VK96GV97L_round_4_0023_0001,-33.55,16.221
8_4_3_8_mut_S93IE94SS95VK96GV97L_round_4_0025_0001,-34.515,15.306
8_4_4_8_mut_S93IE94SS95VK96GV97L_round_4_0010_0001,-33.707,13.196
8_4_5_8_mut_S93IE94SS95VK96GV97L_round_4_0009_0001,-36.292,16.663
8_4_5_8_mut_S93IE94SS95VK96GV97L_round_4_0021_0001,-35.481,14.928
8_4_6_8_mut_S93IE94SS95VK96GV97L_round_4_0014_0001,-33.601,12.879
8_4_6_8_mut_S93IE94SS95VK96GV97L_round_4_0018_0001,-33.54,13.439
8_4_6_8_mut_S93IE94SS95VK96GV97L_round_4_0019_0001,-33.674,13.063
8_4_7_8_mut_S93IE94SS95VK96GV97L_round_4_0006_0001,-35.636,15.209
8_4_7_8_mut_S93IE94SS95VK96GV97L_round_4_0016_0001,-34.53,15.533
8_4_8_8_mut_S93IE94SS95VK96GV97L_round_4_0003_0001,-32.495,19.623
8_4_8_8_mut_S93IE94SS95VK96GV97L_round_4_0011_0001,-33.737,18.682
8_4_8_8_mut_S93IE94SS95VK96GV97L_round_4_0014_0001,-36.174,20.194
