10_4_1_10_mut_E92LS93GE94AS95TK96GV97L_round_4_0004_0001,-33.901,0.000
10_4_1_10_mut_E92LS93GE94AS95TK96GV97L_round_4_0018_0001,-35.934,4.435
10_4_2_10_mut_E92LS93GE94AS95TK96GV97L_round_4_0023_0001,-33.336,0.741
10_4_2_10_mut_E92LS93GE94AS95TK96GV97L_round_4_0025_0001,-33.896,0.955
10_4_3_10_mut_E92LS93GE94AS95TK96GV97L_round_4_0002_0001,-33.685,23.624
10_4_3_10_mut_E92LS93GE94AS95TK96GV97L_round_4_0009_0001,-33.548,24.346
10_4_3_10_mut_E92LS93GE94AS95TK96GV97L_round_4_0023_0001,-36.111,5.457
10_4_4_10_mut_E92LS93GE94AS95TK96GV97L_round_4_0022_0001,-36.001,4.865
10_4_5_10_mut_E92LS93GE94AS95TK96GV97L_round_4_0011_0001,-35.95,8.125
10_4_5_10_mut_E92LS93GE94AS95TK96GV97L_round_4_0023_0001,-35.926,4.064
10_4_6_10_mut_E92LS93GE94AS95TK96GV97L_round_4_0011_0001,-35.596,29.876
10_4_7_10_mut_E92LS93GE94AS95TK96GV97L_round_4_0014_0001,-33.874,33.067
10_4_8_10_mut_E92LS93GE94AS95TK96GV97L_round_4_0010_0001,-35.913,30.311
10_4_8_10_mut_E92LS93GE94AS95TK96GV97L_round_4_0021_0001,-34.104,26.058
1_2_1_1_mut_E92LS93GE94AS95TK96GV97L_round_2_0018_0001,-36.1,5.878
1_2_2_1_mut_E92LS93GE94AS95TK96GV97L_round_2_0006_0001,-36.965,19.682
1_2_2_1_mut_E92LS93GE94AS95TK96GV97L_round_2_0009_0001,-36.083,4.442
1_2_2_1_mut_E92LS93GE94AS95TK96GV97L_round_2_0015_0001,-36.006,4.278
1_2_3_1_mut_E92LS93GE94AS95TK96GV97L_round_2_0006_0001,-36.036,8.992
1_2_4_1_mut_E92LS93GE94AS95TK96GV97L_round_2_0020_0001,-36.066,4.873
1_2_4_1_mut_E92LS93GE94AS95TK96GV97L_round_2_0021_0001,-33.714,25.104
1_2_5_1_mut_E92LS93GE94AS95TK96GV97L_round_2_0013_0001,-35.436,16.373
1_2_5_1_mut_E92LS93GE94AS95TK96GV97L_round_2_0021_0001,-36.049,4.276
1_2_5_1_mut_E92LS93GE94AS95TK96GV97L_round_2_0023_0001,-35.801,6.896
1_2_7_1_mut_E92LS93GE94AS95TK96GV97L_round_2_0005_0001,-36.014,4.488
1_2_7_1_mut_E92LS93GE94AS95TK96GV97L_round_2_0009_0001,-36.043,8.476
1_2_7_1_mut_E92LS93GE94AS95TK96GV97L_round_2_0016_0001,-36.022,3.939
1_2_8_1_mut_E92LS93GE94AS95TK96GV97L_round_2_0002_0001,-33.761,9.091
1_2_8_1_mut_E92LS93GE94AS95TK96GV97L_round_2_0005_0001,-34.956,19.382
1_2_8_1_mut_E92LS93GE94AS95TK96GV97L_round_2_0012_0001,-36.132,5.030
1_2_8_1_mut_E92LS93GE94AS95TK96GV97L_round_2_0014_0001,-33.494,25.561
1_2_8_1_mut_E92LS93GE94AS95TK96GV97L_round_2_0015_0001,-33.308,15.934
1_2_8_1_mut_E92LS93GE94AS95TK96GV97L_round_2_0020_0001,-36.195,22.172
2_2_1_2_mut_E92LS93GE94AS95TK96GV97L_round_2_0010_0001,-35.854,7.249
2_2_1_2_mut_E92LS93GE94AS95TK96GV97L_round_2_0011_0001,-36.105,5.883
2_2_2_2_mut_E92LS93GE94AS95TK96GV97L_round_2_0010_0001,-35.407,26.457
2_2_2_2_mut_E92LS93GE94AS95TK96GV97L_round_2_0017_0001,-33.853,0.485
2_2_2_2_mut_E92LS93GE94AS95TK96GV97L_round_2_0020_0001,-35.952,4.078
2_2_3_2_mut_E92LS93GE94AS95TK96GV97L_round_2_0009_0001,-35.929,4.720
2_2_3_2_mut_E92LS93GE94AS95TK96GV97L_round_2_0014_0001,-35.569,3.339
2_2_3_2_mut_E92LS93GE94AS95TK96GV97L_round_2_0021_0001,-35.414,26.076
2_2_3_2_mut_E92LS93GE94AS95TK96GV97L_round_2_0022_0001,-36.031,8.472
2_2_4_2_mut_E92LS93GE94AS95TK96GV97L_round_2_0009_0001,-35.124,16.949
2_2_5_2_mut_E92LS93GE94AS95TK96GV97L_round_2_0017_0001,-35.645,19.051
2_2_6_2_mut_E92LS93GE94AS95TK96GV97L_round_2_0002_0001,-35.618,29.924
2_2_7_2_mut_E92LS93GE94AS95TK96GV97L_round_2_0010_0001,-35.591,3.227
2_2_8_2_mut_E92LS93GE94AS95TK96GV97L_round_2_0010_0001,-36.028,4.325
2_2_8_2_mut_E92LS93GE94AS95TK96GV97L_round_2_0011_0001,-36.006,4.484
2_2_8_2_mut_E92LS93GE94AS95TK96GV97L_round_2_0015_0001,-35.859,4.079
2_2_8_2_mut_E92LS93GE94AS95TK96GV97L_round_2_0019_0001,-36.019,4.172
