6_5_1_6_mut_E92SS93IK96D_round_5_0011_0001,-35.288,0.000
6_5_1_6_mut_E92SS93IK96D_round_5_0016_0001,-33.456,7.324
6_5_1_6_mut_E92SS93IK96D_round_5_0019_0001,-34.291,3.478
6_5_2_6_mut_E92SS93IK96D_round_5_0004_0001,-35.967,14.366
6_5_2_6_mut_E92SS93IK96D_round_5_0018_0001,-35.718,15.822
6_5_3_6_mut_E92SS93IK96D_round_5_0009_0001,-33.571,5.385
6_5_3_6_mut_E92SS93IK96D_round_5_0021_0001,-33.592,6.992
6_5_6_6_mut_E92SS93IK96D_round_5_0013_0001,-33.525,7.698
6_5_6_6_mut_E92SS93IK96D_round_5_0023_0001,-35.392,4.570
6_5_6_6_mut_E92SS93IK96D_round_5_0025_0001,-34.123,4.399
6_5_7_6_mut_E92SS93IK96D_round_5_0017_0001,-35.369,3.933
6_5_8_6_mut_E92SS93IK96D_round_5_0002_0001,-33.662,7.380
6_5_8_6_mut_E92SS93IK96D_round_5_0006_0001,-33.542,16.947
6_5_8_6_mut_E92SS93IK96D_round_5_0019_0001,-35.224,3.590
6_5_8_6_mut_E92SS93IK96D_round_5_0024_0001,-34.524,4.014
9_2_1_9_mut_E92SS93IK96D_round_2_0004_0001,-33.651,6.978
9_2_1_9_mut_E92SS93IK96D_round_2_0009_0001,-33.534,8.127
9_2_1_9_mut_E92SS93IK96D_round_2_0011_0001,-34.597,18.811
9_2_1_9_mut_E92SS93IK96D_round_2_0024_0001,-33.352,7.567
9_2_2_9_mut_E92SS93IK96D_round_2_0023_0001,-34.608,15.285
9_2_2_9_mut_E92SS93IK96D_round_2_0025_0001,-35.257,2.025
9_2_3_9_mut_E92SS93IK96D_round_2_0009_0001,-34.793,19.210
9_2_3_9_mut_E92SS93IK96D_round_2_0010_0001,-33.829,7.542
9_2_3_9_mut_E92SS93IK96D_round_2_0014_0001,-32.389,17.294
9_2_3_9_mut_E92SS93IK96D_round_2_0016_0001,-33.471,7.769
9_2_5_9_mut_E92SS93IK96D_round_2_0013_0001,-33.425,7.680
9_2_5_9_mut_E92SS93IK96D_round_2_0023_0001,-32.656,15.044
9_2_5_9_mut_E92SS93IK96D_round_2_0024_0001,-35.369,4.260
9_2_6_9_mut_E92SS93IK96D_round_2_0002_0001,-33.619,7.210
9_2_6_9_mut_E92SS93IK96D_round_2_0004_0001,-32.713,7.599
9_2_6_9_mut_E92SS93IK96D_round_2_0021_0001,-33.747,8.318
9_2_6_9_mut_E92SS93IK96D_round_2_0025_0001,-32.702,4.609
9_2_7_9_mut_E92SS93IK96D_round_2_0020_0001,-35.173,15.180
9_2_8_9_mut_E92SS93IK96D_round_2_0006_0001,-35.64,4.449
9_2_8_9_mut_E92SS93IK96D_round_2_0011_0001,-32.1,17.451
9_2_8_9_mut_E92SS93IK96D_round_2_0025_0001,-33.816,7.651
9_3_1_9_mut_E92SS93IK96D_round_3_0025_0001,-33.775,7.741
9_3_2_9_mut_E92SS93IK96D_round_3_0018_0001,-33.207,17.301
9_3_2_9_mut_E92SS93IK96D_round_3_0024_0001,-32.955,8.144
9_3_3_9_mut_E92SS93IK96D_round_3_0004_0001,-35.178,15.918
9_3_3_9_mut_E92SS93IK96D_round_3_0013_0001,-34.119,19.228
9_3_3_9_mut_E92SS93IK96D_round_3_0018_0001,-35.145,15.598
9_3_3_9_mut_E92SS93IK96D_round_3_0025_0001,-34.829,18.116
9_3_5_9_mut_E92SS93IK96D_round_3_0002_0001,-33.882,19.851
9_3_5_9_mut_E92SS93IK96D_round_3_0010_0001,-35.303,15.961
9_3_5_9_mut_E92SS93IK96D_round_3_0021_0001,-32.89,20.721
9_3_6_9_mut_E92SS93IK96D_round_3_0013_0001,-35.375,16.002
9_3_7_9_mut_E92SS93IK96D_round_3_0023_0001,-34.033,18.907
9_3_8_9_mut_E92SS93IK96D_round_3_0020_0001,-32.763,14.860
9_3_8_9_mut_E92SS93IK96D_round_3_0025_0001,-34.281,18.835
