0001_3_3_10_3_mut_H79F_round_3_0001_0001,-24.685,0.000
0001_3_3_3_3_mut_H79F_round_3_0001_0001,-23.886,0.516
0001_3_3_7_3_mut_H79F_round_3_0001_0001,-25.963,0.591
0001_3_3_8_3_mut_H79F_round_3_0001_0001,-25.534,0.582
0001_3_3_9_3_mut_H79F_round_3_0001_0001,-24.253,2.038
0001_5_3_9_5_mut_H79F_round_3_0001_0001,-21.203,2.292
0001_6_4_10_6_mut_H79F_round_4_0001_0001,-24.434,0.603
0001_6_4_2_6_mut_H79F_round_4_0001_0001,-21.313,0.780
0001_6_4_3_6_mut_H79F_round_4_0001_0001,-24.607,0.341
0001_6_4_4_6_mut_H79F_round_4_0001_0001,-22.775,0.348
0001_6_4_5_6_mut_H79F_round_4_0001_0001,-24.44,1.204
0001_6_4_9_6_mut_H79F_round_4_0001_0001,-22.072,0.365
0005_1_4_4_1_mut_H79F_round_4_0001_0001,-24.265,8.001
0005_1_4_9_1_mut_H79F_round_4_0001_0001,-23.669,8.041
0007_8_5_4_8_mut_H79F_round_5_0001_0001,-22.193,4.424
0007_8_5_6_8_mut_H79F_round_5_0001_0001,-20.185,4.454
0007_8_5_9_8_mut_H79F_round_5_0001_0001,-22.227,4.420
0007_9_3_6_9_mut_H79F_round_3_0001_0001,-22.159,4.121
0007_9_5_5_9_mut_H79F_round_5_0001_0001,-22.277,4.443
0007_9_5_8_9_mut_H79F_round_5_0001_0001,-20.405,4.408
0008_10_3_10_10_mut_H79F_round_3_0001_0001,-23.545,3.117
0008_10_3_6_10_mut_H79F_round_3_0001_0001,-21.486,3.168
0008_10_3_7_10_mut_H79F_round_3_0001_0001,-23.444,3.230
0008_3_3_3_3_mut_H79F_round_3_0001_0001,-25.694,3.054
0008_3_3_5_3_mut_H79F_round_3_0001_0001,-23.317,3.115
0008_5_5_5_5_mut_H79F_round_5_0001_0001,-25.444,3.241
0009_3_4_1_3_mut_H79F_round_4_0001_0001,-24.77,2.818
0009_3_4_2_3_mut_H79F_round_4_0001_0001,-24.71,2.648
0009_3_4_5_3_mut_H79F_round_4_0001_0001,-24.697,2.958
0009_4_1_10_4_mut_H79F_round_1_0001_0001,-24.902,2.301
0009_4_1_1_4_mut_H79F_round_1_0001_0001,-23.152,2.059
0009_4_1_3_4_mut_H79F_round_1_0001_0001,-24.828,3.033
0009_4_1_7_4_mut_H79F_round_1_0001_0001,-25.378,2.652
0010_10_5_1_10_mut_H79F_round_5_0001_0001,-25.254,3.692
0010_10_5_2_10_mut_H79F_round_5_0001_0001,-28.613,3.313
0010_10_5_3_10_mut_H79F_round_5_0001_0001,-25.662,3.688
0010_10_5_4_10_mut_H79F_round_5_0001_0001,-25.382,2.882
0010_10_5_5_10_mut_H79F_round_5_0001_0001,-27.988,3.376
0010_10_5_7_10_mut_H79F_round_5_0001_0001,-27.604,3.728
0010_3_1_5_3_mut_H79F_round_1_0001_0001,-26.618,3.025
0010_3_1_8_3_mut_H79F_round_1_0001_0001,-28.925,3.412
0010_4_2_2_4_mut_H79F_round_2_0001_0001,-28.643,2.975
0010_4_2_8_4_mut_H79F_round_2_0001_0001,-26.721,3.503
0013_8_1_3_8_mut_H79F_round_1_0001_0001,-21.588,8.004
0013_9_1_3_9_mut_H79F_round_1_0001_0001,-22.597,8.026
0018_8_3_2_8_mut_H79F_round_3_0001_0001,-27.383,4.894
0020_10_2_6_10_mut_H79F_round_2_0001_0001,-23.222,4.292
0020_10_2_9_10_mut_H79F_round_2_0001_0001,-22.394,4.139
0020_2_5_7_2_mut_H79F_round_5_0001_0001,-26.461,3.596
0020_7_2_8_7_mut_H79F_round_2_0001_0001,-25.123,4.241
