10_3_10_10_mut_H185SL186IT188MT189DF190V_round_3_0007_0001,-30.965,0.000
10_3_10_10_mut_H185SL186IT188MT189DF190V_round_3_0008_0001,-34.93,1.047
10_3_2_10_mut_H185SL186IT188MT189DF190V_round_3_0011_0001,-27.137,1.893
10_3_3_10_mut_H185SL186IT188MT189DF190V_round_3_0002_0001,-25.665,2.356
10_3_3_10_mut_H185SL186IT188MT189DF190V_round_3_0008_0001,-28.835,1.787
10_3_4_10_mut_H185SL186IT188MT189DF190V_round_3_0009_0001,-26.308,1.438
10_3_4_10_mut_H185SL186IT188MT189DF190V_round_3_0012_0001,-37.806,1.186
10_3_7_10_mut_H185SL186IT188MT189DF190V_round_3_0004_0001,-29.854,0.888
10_3_7_10_mut_H185SL186IT188MT189DF190V_round_3_0019_0001,-31.555,1.024
10_3_9_10_mut_H185SL186IT188MT189DF190V_round_3_0011_0001,-27.373,1.515
3_4_1_3_mut_H185SL186IT188MT189DF190V_round_4_0001_0001,-20.011,1.303
3_4_1_3_mut_H185SL186IT188MT189DF190V_round_4_0007_0001,-27.606,1.950
3_4_1_3_mut_H185SL186IT188MT189DF190V_round_4_0008_0001,-23.8,1.188
3_4_1_3_mut_H185SL186IT188MT189DF190V_round_4_0012_0001,-29.355,1.394
3_4_1_3_mut_H185SL186IT188MT189DF190V_round_4_0015_0001,-28.766,1.987
3_4_2_3_mut_H185SL186IT188MT189DF190V_round_4_0009_0001,-29.66,1.441
3_4_2_3_mut_H185SL186IT188MT189DF190V_round_4_0013_0001,-27.025,1.512
3_4_3_3_mut_H185SL186IT188MT189DF190V_round_4_0018_0001,-21.942,1.795
3_4_3_3_mut_H185SL186IT188MT189DF190V_round_4_0019_0001,-27.935,1.160
3_4_4_3_mut_H185SL186IT188MT189DF190V_round_4_0003_0001,-25.037,2.313
3_4_5_3_mut_H185SL186IT188MT189DF190V_round_4_0001_0001,-29.597,0.532
3_4_5_3_mut_H185SL186IT188MT189DF190V_round_4_0016_0001,-30.078,1.080
3_4_6_3_mut_H185SL186IT188MT189DF190V_round_4_0008_0001,-26.99,0.614
3_4_6_3_mut_H185SL186IT188MT189DF190V_round_4_0017_0001,-14.438,1.474
3_4_6_3_mut_H185SL186IT188MT189DF190V_round_4_0019_0001,-33.038,1.763
3_4_7_3_mut_H185SL186IT188MT189DF190V_round_4_0006_0001,-21.954,1.736
3_4_7_3_mut_H185SL186IT188MT189DF190V_round_4_0010_0001,-29.79,0.891
3_4_8_3_mut_H185SL186IT188MT189DF190V_round_4_0003_0001,-31.733,1.892
3_4_8_3_mut_H185SL186IT188MT189DF190V_round_4_0007_0001,-30.43,2.057
3_4_8_3_mut_H185SL186IT188MT189DF190V_round_4_0017_0001,-26.86,1.089
9_1_10_9_mut_H185SL186IT188MT189DF190V_round_1_0006_0001,-32.366,1.383
9_1_1_9_mut_H185SL186IT188MT189DF190V_round_1_0005_0001,-31.31,1.611
9_1_1_9_mut_H185SL186IT188MT189DF190V_round_1_0012_0001,-29.426,1.013
9_1_1_9_mut_H185SL186IT188MT189DF190V_round_1_0014_0001,-28.327,1.639
9_1_3_9_mut_H185SL186IT188MT189DF190V_round_1_0007_0001,-27.059,1.307
9_1_3_9_mut_H185SL186IT188MT189DF190V_round_1_0009_0001,-30.16,1.599
9_1_4_9_mut_H185SL186IT188MT189DF190V_round_1_0004_0001,-33.106,1.289
9_1_5_9_mut_H185SL186IT188MT189DF190V_round_1_0004_0001,-27.358,0.770
9_1_5_9_mut_H185SL186IT188MT189DF190V_round_1_0005_0001,-31.986,1.054
9_1_5_9_mut_H185SL186IT188MT189DF190V_round_1_0010_0001,-26.042,2.082
9_1_5_9_mut_H185SL186IT188MT189DF190V_round_1_0015_0001,-27.946,1.322
9_1_6_9_mut_H185SL186IT188MT189DF190V_round_1_0014_0001,-25.304,1.789
9_1_7_9_mut_H185SL186IT188MT189DF190V_round_1_0012_0001,-30.828,2.047
9_1_8_9_mut_H185SL186IT188MT189DF190V_round_1_0006_0001,-29.495,0.986
9_1_8_9_mut_H185SL186IT188MT189DF190V_round_1_0008_0001,-29.012,1.033
9_1_8_9_mut_H185SL186IT188MT189DF190V_round_1_0013_0001,-29.253,1.378
9_1_9_9_mut_H185SL186IT188MT189DF190V_round_1_0001_0001,-30.529,1.893
9_1_9_9_mut_H185SL186IT188MT189DF190V_round_1_0003_0001,-32.827,1.001
9_1_9_9_mut_H185SL186IT188MT189DF190V_round_1_0019_0001,-22.446,2.752
9_1_9_9_mut_H185SL186IT188MT189DF190V_round_1_0020_0001,-28.823,1.062
