0002_3_5_10_3_mut_H71F_round_5_0001_0001,-15.048,0.000
0002_3_5_2_3_mut_H71F_round_5_0001_0001,-15.766,19.640
0002_3_5_6_3_mut_H71F_round_5_0001_0001,-12.841,20.996
0002_9_2_1_9_mut_H71F_round_2_0001_0001,-12.706,6.812
0002_9_2_2_9_mut_H71F_round_2_0001_0001,-14.86,18.660
0002_9_2_3_9_mut_H71F_round_2_0001_0001,-11.897,3.483
0002_9_2_7_9_mut_H71F_round_2_0001_0001,-15.742,15.877
0003_4_5_4_4_mut_H71F_round_5_0001_0001,-15.229,22.264
0004_7_1_4_7_mut_H71F_round_1_0001_0001,-18.64,21.202
0004_7_1_7_7_mut_H71F_round_1_0001_0001,-19.841,22.985
0018_2_2_1_2_mut_H71F_round_2_0001_0001,-17.141,22.530
0018_2_2_3_2_mut_H71F_round_2_0001_0001,-16.967,19.320
0018_2_2_9_2_mut_H71F_round_2_0001_0001,-18.587,27.668
0018_5_2_10_5_mut_H71F_round_2_0001_0001,-17.584,21.582
0018_5_2_4_5_mut_H71F_round_2_0001_0001,-17.595,22.489
0018_7_4_10_7_mut_H71F_round_4_0001_0001,-19.3,20.887
0018_7_4_4_7_mut_H71F_round_4_0001_0001,-17.561,21.524
0018_7_4_7_7_mut_H71F_round_4_0001_0001,-19.647,22.220
0021_3_1_10_3_mut_H71F_round_1_0001_0001,-12.309,30.481
0021_3_2_2_3_mut_H71F_round_2_0001_0001,-13.348,33.062
0021_7_2_9_7_mut_H71F_round_2_0001_0001,-12.356,30.408
0024_1_5_1_1_mut_H71F_round_5_0001_0001,-18.804,22.068
0024_1_5_6_1_mut_H71F_round_5_0001_0001,-15.924,24.382
0024_1_5_9_1_mut_H71F_round_5_0001_0001,-15.273,27.629
0024_7_5_5_7_mut_H71F_round_5_0001_0001,-17.281,26.185
0025_2_2_9_2_mut_H71F_round_2_0001_0001,-19.508,16.496
0025_2_5_6_2_mut_H71F_round_5_0001_0001,-19.125,28.160
0025_2_5_9_2_mut_H71F_round_5_0001_0001,-17.764,34.377
0025_6_3_2_6_mut_H71F_round_3_0001_0001,-19.672,27.590
0026_10_1_3_10_mut_H71F_round_1_0001_0001,-14.922,18.506
0026_3_5_4_3_mut_H71F_round_5_0001_0001,-14.785,16.737
0028_6_3_6_6_mut_H71F_round_3_0001_0001,-19.606,25.472
0030_10_2_2_10_mut_H71F_round_2_0001_0001,-17.984,24.222
0030_4_1_3_4_mut_H71F_round_1_0001_0001,-19.096,26.834
0030_4_1_7_4_mut_H71F_round_1_0001_0001,-19.644,26.583
0030_9_5_4_9_mut_H71F_round_5_0001_0001,-16.897,21.762
0030_9_5_5_9_mut_H71F_round_5_0001_0001,-19.27,24.355
0030_9_5_9_9_mut_H71F_round_5_0001_0001,-19.159,24.958
0032_3_5_3_3_mut_H71F_round_5_0001_0001,-20.096,19.782
0032_3_5_5_3_mut_H71F_round_5_0001_0001,-18.9,20.724
0032_3_5_7_3_mut_H71F_round_5_0001_0001,-20.048,19.957
0032_7_3_10_7_mut_H71F_round_3_0001_0001,-20.869,18.720
0032_7_3_4_7_mut_H71F_round_3_0001_0001,-19.591,19.382
0033_2_3_4_2_mut_H71F_round_3_0001_0001,-12.953,24.832
0033_2_3_6_2_mut_H71F_round_3_0001_0001,-12.797,24.570
0033_2_3_7_2_mut_H71F_round_3_0001_0001,-12.605,22.112
0033_2_4_5_2_mut_H71F_round_4_0001_0001,-13.982,25.883
0033_4_4_1_4_mut_H71F_round_4_0001_0001,-15.081,23.852
0033_4_4_3_4_mut_H71F_round_4_0001_0001,-13.55,24.368
0033_4_4_8_4_mut_H71F_round_4_0001_0001,-14.94,23.731
