4_2_1_4_mut_S103IE104SS105VK106GV107L_round_2_0002_0001,-38.942,0.000
4_2_1_4_mut_S103IE104SS105VK106GV107L_round_2_0004_0001,-38.899,0.633
4_2_3_4_mut_S103IE104SS105VK106GV107L_round_2_0010_0001,-38.929,0.782
4_2_4_4_mut_S103IE104SS105VK106GV107L_round_2_0011_0001,-39.186,0.510
4_2_4_4_mut_S103IE104SS105VK106GV107L_round_2_0022_0001,-37.462,12.575
4_2_4_4_mut_S103IE104SS105VK106GV107L_round_2_0023_0001,-39.133,11.082
4_2_4_4_mut_S103IE104SS105VK106GV107L_round_2_0024_0001,-39.196,1.369
4_2_5_4_mut_S103IE104SS105VK106GV107L_round_2_0003_0001,-38.891,11.344
4_2_5_4_mut_S103IE104SS105VK106GV107L_round_2_0013_0001,-38.879,0.886
4_2_5_4_mut_S103IE104SS105VK106GV107L_round_2_0024_0001,-39.301,4.363
4_2_6_4_mut_S103IE104SS105VK106GV107L_round_2_0014_0001,-38.982,0.892
4_2_6_4_mut_S103IE104SS105VK106GV107L_round_2_0021_0001,-38.113,11.309
4_2_6_4_mut_S103IE104SS105VK106GV107L_round_2_0024_0001,-38.925,0.562
4_2_7_4_mut_S103IE104SS105VK106GV107L_round_2_0023_0001,-39.897,4.689
4_2_8_4_mut_S103IE104SS105VK106GV107L_round_2_0006_0001,-39.19,0.427
4_2_8_4_mut_S103IE104SS105VK106GV107L_round_2_0013_0001,-39.53,0.908
4_2_8_4_mut_S103IE104SS105VK106GV107L_round_2_0023_0001,-38.69,1.008
5_4_1_5_mut_S103IE104SS105VK106GV107L_round_4_0011_0001,-38.896,0.424
5_4_1_5_mut_S103IE104SS105VK106GV107L_round_4_0016_0001,-38.977,0.242
5_4_2_5_mut_S103IE104SS105VK106GV107L_round_4_0001_0001,-39.493,0.823
5_4_2_5_mut_S103IE104SS105VK106GV107L_round_4_0006_0001,-38.918,0.506
5_4_2_5_mut_S103IE104SS105VK106GV107L_round_4_0019_0001,-38.471,0.934
5_4_3_5_mut_S103IE104SS105VK106GV107L_round_4_0017_0001,-38.481,0.554
5_4_4_5_mut_S103IE104SS105VK106GV107L_round_4_0024_0001,-38.96,0.362
5_4_6_5_mut_S103IE104SS105VK106GV107L_round_4_0003_0001,-39.253,2.951
5_4_6_5_mut_S103IE104SS105VK106GV107L_round_4_0012_0001,-38.926,0.439
5_4_7_5_mut_S103IE104SS105VK106GV107L_round_4_0010_0001,-39.488,1.214
5_4_7_5_mut_S103IE104SS105VK106GV107L_round_4_0014_0001,-39.149,1.473
5_4_8_5_mut_S103IE104SS105VK106GV107L_round_4_0012_0001,-38.827,3.455
5_4_8_5_mut_S103IE104SS105VK106GV107L_round_4_0023_0001,-36.896,11.874
9_5_1_9_mut_S103IE104SS105VK106GV107L_round_5_0007_0001,-39.569,1.032
9_5_1_9_mut_S103IE104SS105VK106GV107L_round_5_0015_0001,-38.106,11.905
9_5_1_9_mut_S103IE104SS105VK106GV107L_round_5_0020_0001,-38.916,0.542
9_5_1_9_mut_S103IE104SS105VK106GV107L_round_5_0023_0001,-39.251,0.918
9_5_1_9_mut_S103IE104SS105VK106GV107L_round_5_0024_0001,-39.216,1.029
9_5_2_9_mut_S103IE104SS105VK106GV107L_round_5_0003_0001,-39.523,3.514
9_5_2_9_mut_S103IE104SS105VK106GV107L_round_5_0008_0001,-38.747,0.969
9_5_2_9_mut_S103IE104SS105VK106GV107L_round_5_0015_0001,-38.918,0.532
9_5_2_9_mut_S103IE104SS105VK106GV107L_round_5_0025_0001,-39.242,1.242
9_5_3_9_mut_S103IE104SS105VK106GV107L_round_5_0011_0001,-38.94,0.535
9_5_3_9_mut_S103IE104SS105VK106GV107L_round_5_0012_0001,-39.186,1.782
9_5_3_9_mut_S103IE104SS105VK106GV107L_round_5_0018_0001,-38.851,0.700
9_5_5_9_mut_S103IE104SS105VK106GV107L_round_5_0003_0001,-38.953,0.330
9_5_6_9_mut_S103IE104SS105VK106GV107L_round_5_0002_0001,-39.164,4.315
9_5_7_9_mut_S103IE104SS105VK106GV107L_round_5_0024_0001,-38.894,11.113
9_5_8_9_mut_S103IE104SS105VK106GV107L_round_5_0002_0001,-39.229,0.371
9_5_8_9_mut_S103IE104SS105VK106GV107L_round_5_0010_0001,-39.3,2.280
9_5_8_9_mut_S103IE104SS105VK106GV107L_round_5_0014_0001,-38.496,13.099
9_5_8_9_mut_S103IE104SS105VK106GV107L_round_5_0015_0001,-39.276,1.034
9_5_8_9_mut_S103IE104SS105VK106GV107L_round_5_0018_0001,-39.194,4.103
