10_4_3_10_mut_E102MS103QE104TV107L_round_4_0003_0001,-42.538,0.000
10_4_3_10_mut_E102MS103QE104TV107L_round_4_0013_0001,-39.764,14.821
10_4_4_10_mut_E102MS103QE104TV107L_round_4_0008_0001,-41.668,12.202
10_4_4_10_mut_E102MS103QE104TV107L_round_4_0017_0001,-40.079,15.111
10_4_4_10_mut_E102MS103QE104TV107L_round_4_0019_0001,-41.352,14.318
10_4_5_10_mut_E102MS103QE104TV107L_round_4_0006_0001,-41.585,12.787
10_4_5_10_mut_E102MS103QE104TV107L_round_4_0008_0001,-42.569,0.432
10_4_5_10_mut_E102MS103QE104TV107L_round_4_0010_0001,-40.291,11.594
10_4_5_10_mut_E102MS103QE104TV107L_round_4_0015_0001,-41.711,12.028
10_4_5_10_mut_E102MS103QE104TV107L_round_4_0025_0001,-40.943,14.248
10_4_6_10_mut_E102MS103QE104TV107L_round_4_0007_0001,-40.528,11.389
10_4_7_10_mut_E102MS103QE104TV107L_round_4_0010_0001,-42.469,2.503
10_4_7_10_mut_E102MS103QE104TV107L_round_4_0012_0001,-40.123,14.997
10_4_7_10_mut_E102MS103QE104TV107L_round_4_0021_0001,-41.31,14.168
10_4_8_10_mut_E102MS103QE104TV107L_round_4_0007_0001,-41.498,12.068
10_4_8_10_mut_E102MS103QE104TV107L_round_4_0010_0001,-40.518,8.145
10_4_8_10_mut_E102MS103QE104TV107L_round_4_0012_0001,-41.356,14.371
10_5_1_10_mut_E102MS103QE104TV107L_round_5_0003_0001,-40.942,14.169
10_5_1_10_mut_E102MS103QE104TV107L_round_5_0005_0001,-40.53,11.691
10_5_1_10_mut_E102MS103QE104TV107L_round_5_0006_0001,-42.824,0.851
10_5_1_10_mut_E102MS103QE104TV107L_round_5_0025_0001,-41.489,8.311
10_5_2_10_mut_E102MS103QE104TV107L_round_5_0006_0001,-42.046,12.954
10_5_3_10_mut_E102MS103QE104TV107L_round_5_0016_0001,-39.78,14.987
10_5_3_10_mut_E102MS103QE104TV107L_round_5_0022_0001,-39.826,11.514
10_5_4_10_mut_E102MS103QE104TV107L_round_5_0023_0001,-40.951,8.155
10_5_5_10_mut_E102MS103QE104TV107L_round_5_0001_0001,-40.537,8.267
10_5_5_10_mut_E102MS103QE104TV107L_round_5_0008_0001,-41.712,11.994
10_5_6_10_mut_E102MS103QE104TV107L_round_5_0001_0001,-40.592,11.426
10_5_6_10_mut_E102MS103QE104TV107L_round_5_0017_0001,-40.512,8.319
10_5_6_10_mut_E102MS103QE104TV107L_round_5_0018_0001,-41.714,12.002
10_5_6_10_mut_E102MS103QE104TV107L_round_5_0019_0001,-40.608,8.058
10_5_7_10_mut_E102MS103QE104TV107L_round_5_0018_0001,-41.721,12.186
10_5_7_10_mut_E102MS103QE104TV107L_round_5_0020_0001,-40.63,15.347
10_5_7_10_mut_E102MS103QE104TV107L_round_5_0022_0001,-41.714,12.085
10_5_8_10_mut_E102MS103QE104TV107L_round_5_0003_0001,-41.757,11.884
5_3_1_5_mut_E102MS103QE104TV107L_round_3_0011_0001,-41.693,12.065
5_3_1_5_mut_E102MS103QE104TV107L_round_3_0012_0001,-41.623,12.276
5_3_1_5_mut_E102MS103QE104TV107L_round_3_0014_0001,-39.814,14.757
5_3_2_5_mut_E102MS103QE104TV107L_round_3_0003_0001,-41.646,11.900
5_3_2_5_mut_E102MS103QE104TV107L_round_3_0008_0001,-40.601,15.336
5_3_2_5_mut_E102MS103QE104TV107L_round_3_0012_0001,-42.222,11.891
5_3_3_5_mut_E102MS103QE104TV107L_round_3_0015_0001,-42.594,0.266
5_3_3_5_mut_E102MS103QE104TV107L_round_3_0019_0001,-40.602,15.402
5_3_4_5_mut_E102MS103QE104TV107L_round_3_0022_0001,-42.803,0.934
5_3_4_5_mut_E102MS103QE104TV107L_round_3_0024_0001,-40.417,11.474
5_3_5_5_mut_E102MS103QE104TV107L_round_3_0015_0001,-39.001,14.465
5_3_6_5_mut_E102MS103QE104TV107L_round_3_0001_0001,-40.102,15.014
5_3_8_5_mut_E102MS103QE104TV107L_round_3_0004_0001,-41.679,12.070
5_3_8_5_mut_E102MS103QE104TV107L_round_3_0008_0001,-41.331,14.117
5_3_8_5_mut_E102MS103QE104TV107L_round_3_0023_0001,-41.089,14.733
