10_3_1_10_mut_E102TS103NE104DK106LV107L_round_3_0007_0001,-41.188,0.000
10_3_3_10_mut_E102TS103NE104DK106LV107L_round_3_0009_0001,-41.633,3.001
10_3_3_10_mut_E102TS103NE104DK106LV107L_round_3_0023_0001,-41.846,1.657
10_3_4_10_mut_E102TS103NE104DK106LV107L_round_3_0009_0001,-41.799,1.788
10_3_5_10_mut_E102TS103NE104DK106LV107L_round_3_0007_0001,-40.944,3.864
10_3_5_10_mut_E102TS103NE104DK106LV107L_round_3_0010_0001,-40.894,0.753
10_3_5_10_mut_E102TS103NE104DK106LV107L_round_3_0021_0001,-40.819,0.959
10_3_5_10_mut_E102TS103NE104DK106LV107L_round_3_0024_0001,-40.93,0.836
10_3_6_10_mut_E102TS103NE104DK106LV107L_round_3_0014_0001,-40.947,3.392
10_3_7_10_mut_E102TS103NE104DK106LV107L_round_3_0022_0001,-41.723,2.221
10_3_8_10_mut_E102TS103NE104DK106LV107L_round_3_0013_0001,-41.771,2.056
10_3_8_10_mut_E102TS103NE104DK106LV107L_round_3_0014_0001,-40.81,0.810
10_3_8_10_mut_E102TS103NE104DK106LV107L_round_3_0022_0001,-41.669,2.718
1_5_1_1_mut_E102TS103NE104DK106LV107L_round_5_0016_0001,-41.019,3.930
1_5_2_1_mut_E102TS103NE104DK106LV107L_round_5_0006_0001,-41.792,1.796
1_5_2_1_mut_E102TS103NE104DK106LV107L_round_5_0011_0001,-41.005,3.781
1_5_2_1_mut_E102TS103NE104DK106LV107L_round_5_0013_0001,-41.843,1.682
1_5_2_1_mut_E102TS103NE104DK106LV107L_round_5_0016_0001,-40.967,4.071
1_5_2_1_mut_E102TS103NE104DK106LV107L_round_5_0017_0001,-41.818,1.920
1_5_2_1_mut_E102TS103NE104DK106LV107L_round_5_0021_0001,-40.979,3.516
1_5_3_1_mut_E102TS103NE104DK106LV107L_round_5_0006_0001,-41.783,2.122
1_5_4_1_mut_E102TS103NE104DK106LV107L_round_5_0001_0001,-40.882,0.831
1_5_4_1_mut_E102TS103NE104DK106LV107L_round_5_0007_0001,-41.004,4.296
1_5_4_1_mut_E102TS103NE104DK106LV107L_round_5_0010_0001,-40.997,0.963
1_5_4_1_mut_E102TS103NE104DK106LV107L_round_5_0022_0001,-41.007,3.419
1_5_7_1_mut_E102TS103NE104DK106LV107L_round_5_0001_0001,-41.011,1.397
1_5_7_1_mut_E102TS103NE104DK106LV107L_round_5_0013_0001,-40.796,1.062
1_5_8_1_mut_E102TS103NE104DK106LV107L_round_5_0012_0001,-40.785,1.095
1_5_8_1_mut_E102TS103NE104DK106LV107L_round_5_0013_0001,-41.754,2.071
6_1_2_6_mut_E102TS103NE104DK106LV107L_round_1_0010_0001,-41.844,1.765
6_1_3_6_mut_E102TS103NE104DK106LV107L_round_1_0005_0001,-41.63,2.973
6_1_3_6_mut_E102TS103NE104DK106LV107L_round_1_0009_0001,-40.843,4.016
6_1_3_6_mut_E102TS103NE104DK106LV107L_round_1_0010_0001,-41.878,2.269
6_1_3_6_mut_E102TS103NE104DK106LV107L_round_1_0017_0001,-41.875,1.618
6_1_3_6_mut_E102TS103NE104DK106LV107L_round_1_0020_0001,-41.852,1.548
6_1_3_6_mut_E102TS103NE104DK106LV107L_round_1_0023_0001,-40.99,4.147
6_1_4_6_mut_E102TS103NE104DK106LV107L_round_1_0008_0001,-41.861,2.185
6_1_4_6_mut_E102TS103NE104DK106LV107L_round_1_0009_0001,-41.794,2.010
6_1_4_6_mut_E102TS103NE104DK106LV107L_round_1_0020_0001,-40.897,0.878
6_1_4_6_mut_E102TS103NE104DK106LV107L_round_1_0024_0001,-40.953,3.996
6_1_5_6_mut_E102TS103NE104DK106LV107L_round_1_0021_0001,-41.847,1.726
6_1_7_6_mut_E102TS103NE104DK106LV107L_round_1_0003_0001,-40.97,4.098
6_1_7_6_mut_E102TS103NE104DK106LV107L_round_1_0008_0001,-41.727,2.330
6_1_7_6_mut_E102TS103NE104DK106LV107L_round_1_0011_0001,-41.179,0.329
6_1_7_6_mut_E102TS103NE104DK106LV107L_round_1_0014_0001,-40.918,0.775
6_1_7_6_mut_E102TS103NE104DK106LV107L_round_1_0015_0001,-41.633,2.965
6_1_8_6_mut_E102TS103NE104DK106LV107L_round_1_0002_0001,-40.656,0.588
6_1_8_6_mut_E102TS103NE104DK106LV107L_round_1_0009_0001,-40.832,0.975
6_1_8_6_mut_E102TS103NE104DK106LV107L_round_1_0011_0001,-40.835,0.946
6_1_8_6_mut_E102TS103NE104DK106LV107L_round_1_0025_0001,-41.78,1.858
