6_5_1_6_mut_E92DA93EA94DA95QA96HA97SS98QE99IS100T_round_5_0019_0001,-27.055,0.047
6_5_2_6_mut_E92DA93EA94DA95QA96HA97SS98QE99IS100T_round_5_0013_0001,-28.232,0.068
6_5_2_6_mut_E92DA93EA94DA95QA96HA97SS98QE99IS100T_round_5_0024_0001,-29.657,0.044
6_5_3_6_mut_E92DA93EA94DA95QA96HA97SS98QE99IS100T_round_5_0021_0001,-28.156,0.047
6_5_3_6_mut_E92DA93EA94DA95QA96HA97SS98QE99IS100T_round_5_0022_0001,-30.674,0.068
6_5_4_6_mut_E92DA93EA94DA95QA96HA97SS98QE99IS100T_round_5_0002_0001,-28.490,0.072
6_5_4_6_mut_E92DA93EA94DA95QA96HA97SS98QE99IS100T_round_5_0024_0001,-25.924,0.042
6_5_5_6_mut_E92DA93EA94DA95QA96HA97SS98QE99IS100T_round_5_0020_0001,-27.006,0.046
6_5_5_6_mut_E92DA93EA94DA95QA96HA97SS98QE99IS100T_round_5_0023_0001,-27.413,0.044
6_5_7_6_mut_E92DA93EA94DA95QA96HA97SS98QE99IS100T_round_5_0013_0001,-30.828,0.037
6_5_8_6_mut_E92DA93EA94DA95QA96HA97SS98QE99IS100T_round_5_0003_0001,-29.280,0.041
6_5_8_6_mut_E92DA93EA94DA95QA96HA97SS98QE99IS100T_round_5_0004_0001,-28.339,0.046
6_5_8_6_mut_E92DA93EA94DA95QA96HA97SS98QE99IS100T_round_5_0010_0001,-27.493,0.046
8_3_1_8_mut_E92DA93EA94DA95QA96HA97SS98QE99IS100T_round_3_0005_0001,-27.398,0.036
8_3_1_8_mut_E92DA93EA94DA95QA96HA97SS98QE99IS100T_round_3_0014_0001,-29.035,0.064
8_3_2_8_mut_E92DA93EA94DA95QA96HA97SS98QE99IS100T_round_3_0003_0001,-28.935,0.068
8_3_2_8_mut_E92DA93EA94DA95QA96HA97SS98QE99IS100T_round_3_0005_0001,-28.738,0.071
8_3_2_8_mut_E92DA93EA94DA95QA96HA97SS98QE99IS100T_round_3_0007_0001,-26.739,0.069
8_3_2_8_mut_E92DA93EA94DA95QA96HA97SS98QE99IS100T_round_3_0019_0001,-27.488,0.038
8_3_3_8_mut_E92DA93EA94DA95QA96HA97SS98QE99IS100T_round_3_0008_0001,-26.876,0.046
8_3_3_8_mut_E92DA93EA94DA95QA96HA97SS98QE99IS100T_round_3_0018_0001,-27.695,0.069
8_3_3_8_mut_E92DA93EA94DA95QA96HA97SS98QE99IS100T_round_3_0021_0001,-26.823,0.042
8_3_3_8_mut_E92DA93EA94DA95QA96HA97SS98QE99IS100T_round_3_0022_0001,-27.023,0.071
8_3_3_8_mut_E92DA93EA94DA95QA96HA97SS98QE99IS100T_round_3_0025_0001,-26.973,0.068
8_3_4_8_mut_E92DA93EA94DA95QA96HA97SS98QE99IS100T_round_3_0002_0001,-27.747,0.077
8_3_4_8_mut_E92DA93EA94DA95QA96HA97SS98QE99IS100T_round_3_0011_0001,-27.699,0.009
8_3_4_8_mut_E92DA93EA94DA95QA96HA97SS98QE99IS100T_round_3_0018_0001,-26.726,0.068
8_3_5_8_mut_E92DA93EA94DA95QA96HA97SS98QE99IS100T_round_3_0006_0001,-28.546,0.064
8_3_5_8_mut_E92DA93EA94DA95QA96HA97SS98QE99IS100T_round_3_0007_0001,-29.413,0.043
8_3_6_8_mut_E92DA93EA94DA95QA96HA97SS98QE99IS100T_round_3_0004_0001,-24.339,0.069
8_3_6_8_mut_E92DA93EA94DA95QA96HA97SS98QE99IS100T_round_3_0014_0001,-26.839,0.063
8_3_6_8_mut_E92DA93EA94DA95QA96HA97SS98QE99IS100T_round_3_0019_0001,-29.004,0.044
8_3_7_8_mut_E92DA93EA94DA95QA96HA97SS98QE99IS100T_round_3_0003_0001,-26.505,0.043
8_3_7_8_mut_E92DA93EA94DA95QA96HA97SS98QE99IS100T_round_3_0012_0001,-28.978,0.043
8_3_8_8_mut_E92DA93EA94DA95QA96HA97SS98QE99IS100T_round_3_0015_0001,-30.390,0.063
8_3_8_8_mut_E92DA93EA94DA95QA96HA97SS98QE99IS100T_round_3_0020_0001,-29.721,0.051
9_1_1_9_mut_E92DA93EA94DA95QA96HA97SS98QE99IS100T_round_1_0003_0001,-26.982,0.055
9_1_1_9_mut_E92DA93EA94DA95QA96HA97SS98QE99IS100T_round_1_0010_0001,-28.181,0.063
9_1_1_9_mut_E92DA93EA94DA95QA96HA97SS98QE99IS100T_round_1_0012_0001,-28.816,0.068
9_1_2_9_mut_E92DA93EA94DA95QA96HA97SS98QE99IS100T_round_1_0012_0001,-29.128,0.045
9_1_2_9_mut_E92DA93EA94DA95QA96HA97SS98QE99IS100T_round_1_0014_0001,-28.614,0.060
9_1_3_9_mut_E92DA93EA94DA95QA96HA97SS98QE99IS100T_round_1_0012_0001,-31.151,0.066
9_1_3_9_mut_E92DA93EA94DA95QA96HA97SS98QE99IS100T_round_1_0014_0001,-26.855,0.045
9_1_4_9_mut_E92DA93EA94DA95QA96HA97SS98QE99IS100T_round_1_0018_0001,-29.211,0.038
9_1_5_9_mut_E92DA93EA94DA95QA96HA97SS98QE99IS100T_round_1_0004_0001,-26.515,0.039
9_1_5_9_mut_E92DA93EA94DA95QA96HA97SS98QE99IS100T_round_1_0011_0001,-27.397,0.040
9_1_5_9_mut_E92DA93EA94DA95QA96HA97SS98QE99IS100T_round_1_0013_0001,-28.881,0.062
9_1_6_9_mut_E92DA93EA94DA95QA96HA97SS98QE99IS100T_round_1_0005_0001,-29.159,0.056
9_1_6_9_mut_E92DA93EA94DA95QA96HA97SS98QE99IS100T_round_1_0019_0001,-28.193,0.060
9_1_8_9_mut_E92DA93EA94DA95QA96HA97SS98QE99IS100T_round_1_0020_0001,-28.526,0.046
