2_1_1_2_mut_E92RS93RK96EV97I_round_1_0012_0001,-19.659,0.067
2_1_1_2_mut_E92RS93RK96EV97I_round_1_0022_0001,-21.739,0.071
2_1_2_2_mut_E92RS93RK96EV97I_round_1_0012_0001,-21.986,0.068
2_1_2_2_mut_E92RS93RK96EV97I_round_1_0015_0001,-21.704,0.074
2_1_3_2_mut_E92RS93RK96EV97I_round_1_0003_0001,-22.828,0.069
2_1_3_2_mut_E92RS93RK96EV97I_round_1_0008_0001,-21.369,0.050
2_1_3_2_mut_E92RS93RK96EV97I_round_1_0011_0001,-23.016,0.064
2_1_4_2_mut_E92RS93RK96EV97I_round_1_0012_0001,-20.825,0.018
2_1_4_2_mut_E92RS93RK96EV97I_round_1_0014_0001,-21.859,0.073
2_1_6_2_mut_E92RS93RK96EV97I_round_1_0003_0001,-21.487,0.066
2_1_6_2_mut_E92RS93RK96EV97I_round_1_0018_0001,-21.540,0.062
2_1_7_2_mut_E92RS93RK96EV97I_round_1_0017_0001,-21.018,0.058
2_1_7_2_mut_E92RS93RK96EV97I_round_1_0019_0001,-22.762,0.069
2_1_7_2_mut_E92RS93RK96EV97I_round_1_0024_0001,-20.254,0.072
2_1_8_2_mut_E92RS93RK96EV97I_round_1_0006_0001,-21.867,0.049
2_5_1_2_mut_E92RS93RK96EV97I_round_5_0007_0001,-23.925,0.065
2_5_1_2_mut_E92RS93RK96EV97I_round_5_0010_0001,-22.174,0.070
2_5_1_2_mut_E92RS93RK96EV97I_round_5_0013_0001,-22.148,0.068
2_5_1_2_mut_E92RS93RK96EV97I_round_5_0023_0001,-20.935,0.062
2_5_2_2_mut_E92RS93RK96EV97I_round_5_0007_0001,-20.392,0.020
2_5_2_2_mut_E92RS93RK96EV97I_round_5_0021_0001,-21.354,0.064
2_5_3_2_mut_E92RS93RK96EV97I_round_5_0003_0001,-21.666,0.064
2_5_4_2_mut_E92RS93RK96EV97I_round_5_0005_0001,-21.641,0.055
2_5_4_2_mut_E92RS93RK96EV97I_round_5_0008_0001,-21.878,0.071
2_5_5_2_mut_E92RS93RK96EV97I_round_5_0018_0001,-22.031,0.067
2_5_5_2_mut_E92RS93RK96EV97I_round_5_0024_0001,-21.395,0.066
2_5_6_2_mut_E92RS93RK96EV97I_round_5_0016_0001,-22.811,0.070
2_5_7_2_mut_E92RS93RK96EV97I_round_5_0003_0001,-21.977,0.069
2_5_7_2_mut_E92RS93RK96EV97I_round_5_0006_0001,-22.573,0.056
2_5_7_2_mut_E92RS93RK96EV97I_round_5_0007_0001,-21.724,0.054
2_5_7_2_mut_E92RS93RK96EV97I_round_5_0013_0001,-21.342,0.069
2_5_7_2_mut_E92RS93RK96EV97I_round_5_0018_0001,-20.960,0.069
3_5_1_3_mut_E92RS93RK96EV97I_round_5_0003_0001,-21.825,0.045
3_5_1_3_mut_E92RS93RK96EV97I_round_5_0011_0001,-21.459,0.054
3_5_2_3_mut_E92RS93RK96EV97I_round_5_0011_0001,-21.629,0.067
3_5_3_3_mut_E92RS93RK96EV97I_round_5_0014_0001,-21.540,0.057
3_5_3_3_mut_E92RS93RK96EV97I_round_5_0024_0001,-22.049,0.069
3_5_4_3_mut_E92RS93RK96EV97I_round_5_0021_0001,-20.179,0.058
3_5_4_3_mut_E92RS93RK96EV97I_round_5_0025_0001,-21.988,0.069
3_5_5_3_mut_E92RS93RK96EV97I_round_5_0017_0001,-22.719,0.066
3_5_6_3_mut_E92RS93RK96EV97I_round_5_0001_0001,-22.747,0.069
3_5_6_3_mut_E92RS93RK96EV97I_round_5_0004_0001,-21.460,0.062
3_5_6_3_mut_E92RS93RK96EV97I_round_5_0013_0001,-21.364,0.061
3_5_6_3_mut_E92RS93RK96EV97I_round_5_0021_0001,-20.232,0.040
3_5_7_3_mut_E92RS93RK96EV97I_round_5_0014_0001,-21.590,0.063
3_5_7_3_mut_E92RS93RK96EV97I_round_5_0023_0001,-22.150,0.068
3_5_8_3_mut_E92RS93RK96EV97I_round_5_0003_0001,-21.155,0.046
3_5_8_3_mut_E92RS93RK96EV97I_round_5_0019_0001,-21.823,0.051
3_5_8_3_mut_E92RS93RK96EV97I_round_5_0022_0001,-21.761,0.077
3_5_8_3_mut_E92RS93RK96EV97I_round_5_0024_0001,-21.418,0.069
