10_4_10_10_mut_H68FH185SL186IT188ST189DF190V_round_4_0001_0001,-25.443,0.109
10_4_10_10_mut_H68FH185SL186IT188ST189DF190V_round_4_0020_0001,-27.639,0.105
10_4_1_10_mut_H68FH185SL186IT188ST189DF190V_round_4_0006_0001,-19.778,0.106
10_4_1_10_mut_H68FH185SL186IT188ST189DF190V_round_4_0009_0001,-24.116,0.109
10_4_3_10_mut_H68FH185SL186IT188ST189DF190V_round_4_0004_0001,-22.750,0.108
10_4_4_10_mut_H68FH185SL186IT188ST189DF190V_round_4_0002_0001,-17.414,0.106
10_4_4_10_mut_H68FH185SL186IT188ST189DF190V_round_4_0013_0001,-25.983,0.109
10_4_4_10_mut_H68FH185SL186IT188ST189DF190V_round_4_0017_0001,-25.321,0.109
10_4_4_10_mut_H68FH185SL186IT188ST189DF190V_round_4_0018_0001,-25.622,0.105
10_4_5_10_mut_H68FH185SL186IT188ST189DF190V_round_4_0012_0001,-27.006,0.102
10_4_5_10_mut_H68FH185SL186IT188ST189DF190V_round_4_0020_0001,-18.475,0.105
10_4_6_10_mut_H68FH185SL186IT188ST189DF190V_round_4_0011_0001,-22.850,0.106
10_4_7_10_mut_H68FH185SL186IT188ST189DF190V_round_4_0011_0001,-28.062,0.104
10_4_8_10_mut_H68FH185SL186IT188ST189DF190V_round_4_0002_0001,-25.280,0.106
10_4_8_10_mut_H68FH185SL186IT188ST189DF190V_round_4_0003_0001,-23.938,0.109
10_4_8_10_mut_H68FH185SL186IT188ST189DF190V_round_4_0018_0001,-23.548,0.105
10_4_9_10_mut_H68FH185SL186IT188ST189DF190V_round_4_0004_0001,-25.939,0.108
10_4_9_10_mut_H68FH185SL186IT188ST189DF190V_round_4_0012_0001,-13.519,0.108
1_2_10_1_mut_H68FH185SL186IT188ST189DF190V_round_2_0013_0001,-27.266,0.117
1_2_1_1_mut_H68FH185SL186IT188ST189DF190V_round_2_0011_0001,-21.793,0.125
1_2_2_1_mut_H68FH185SL186IT188ST189DF190V_round_2_0010_0001,-25.866,0.115
1_2_3_1_mut_H68FH185SL186IT188ST189DF190V_round_2_0002_0001,-23.233,0.117
1_2_3_1_mut_H68FH185SL186IT188ST189DF190V_round_2_0018_0001,-28.132,0.123
1_2_4_1_mut_H68FH185SL186IT188ST189DF190V_round_2_0009_0001,-21.453,0.117
1_2_6_1_mut_H68FH185SL186IT188ST189DF190V_round_2_0004_0001,-24.811,0.110
1_2_6_1_mut_H68FH185SL186IT188ST189DF190V_round_2_0019_0001,-23.190,0.114
1_2_7_1_mut_H68FH185SL186IT188ST189DF190V_round_2_0016_0001,-25.709,0.111
1_2_7_1_mut_H68FH185SL186IT188ST189DF190V_round_2_0018_0001,-27.298,0.113
1_2_8_1_mut_H68FH185SL186IT188ST189DF190V_round_2_0002_0001,-27.731,0.115
1_2_8_1_mut_H68FH185SL186IT188ST189DF190V_round_2_0018_0001,-21.973,0.108
1_2_9_1_mut_H68FH185SL186IT188ST189DF190V_round_2_0003_0001,-21.635,0.104
8_1_10_8_mut_H68FH185SL186IT188ST189DF190V_round_1_0010_0001,-25.522,0.113
8_1_10_8_mut_H68FH185SL186IT188ST189DF190V_round_1_0011_0001,-23.519,0.107
8_1_1_8_mut_H68FH185SL186IT188ST189DF190V_round_1_0012_0001,-23.861,0.109
8_1_2_8_mut_H68FH185SL186IT188ST189DF190V_round_1_0006_0001,-26.690,0.100
8_1_2_8_mut_H68FH185SL186IT188ST189DF190V_round_1_0010_0001,-23.992,0.108
8_1_2_8_mut_H68FH185SL186IT188ST189DF190V_round_1_0013_0001,-26.324,0.109
8_1_2_8_mut_H68FH185SL186IT188ST189DF190V_round_1_0020_0001,-20.280,0.107
8_1_3_8_mut_H68FH185SL186IT188ST189DF190V_round_1_0015_0001,-27.782,0.106
8_1_4_8_mut_H68FH185SL186IT188ST189DF190V_round_1_0016_0001,-27.188,0.106
8_1_5_8_mut_H68FH185SL186IT188ST189DF190V_round_1_0017_0001,-24.656,0.110
8_1_6_8_mut_H68FH185SL186IT188ST189DF190V_round_1_0013_0001,-28.929,0.106
8_1_7_8_mut_H68FH185SL186IT188ST189DF190V_round_1_0001_0001,-22.245,0.109
8_1_7_8_mut_H68FH185SL186IT188ST189DF190V_round_1_0005_0001,-27.503,0.107
8_1_7_8_mut_H68FH185SL186IT188ST189DF190V_round_1_0010_0001,-25.900,0.111
8_1_7_8_mut_H68FH185SL186IT188ST189DF190V_round_1_0019_0001,-23.545,0.107
8_1_8_8_mut_H68FH185SL186IT188ST189DF190V_round_1_0002_0001,-24.464,0.105
8_1_8_8_mut_H68FH185SL186IT188ST189DF190V_round_1_0011_0001,-21.133,0.111
8_1_8_8_mut_H68FH185SL186IT188ST189DF190V_round_1_0014_0001,-26.799,0.104
8_1_8_8_mut_H68FH185SL186IT188ST189DF190V_round_1_0017_0001,-17.255,0.105
