7_4_10_7_mut_H185SL186IT188AT189DF190V_round_4_0018_0001,-29.764,0.105
7_4_2_7_mut_H185SL186IT188AT189DF190V_round_4_0017_0001,-28.292,0.111
7_4_3_7_mut_H185SL186IT188AT189DF190V_round_4_0006_0001,-19.856,0.113
7_4_3_7_mut_H185SL186IT188AT189DF190V_round_4_0010_0001,-23.415,0.111
7_4_3_7_mut_H185SL186IT188AT189DF190V_round_4_0019_0001,-27.702,0.109
7_4_5_7_mut_H185SL186IT188AT189DF190V_round_4_0002_0001,-27.128,0.113
7_4_5_7_mut_H185SL186IT188AT189DF190V_round_4_0004_0001,-18.209,0.109
7_4_8_7_mut_H185SL186IT188AT189DF190V_round_4_0018_0001,-29.884,0.111
7_4_9_7_mut_H185SL186IT188AT189DF190V_round_4_0018_0001,-27.231,0.110
7_4_9_7_mut_H185SL186IT188AT189DF190V_round_4_0020_0001,-28.026,0.110
8_1_10_8_mut_H185SL186IT188AT189DF190V_round_1_0001_0001,-21.992,0.124
8_1_10_8_mut_H185SL186IT188AT189DF190V_round_1_0015_0001,-27.987,0.128
8_1_10_8_mut_H185SL186IT188AT189DF190V_round_1_0019_0001,-26.100,0.125
8_1_1_8_mut_H185SL186IT188AT189DF190V_round_1_0004_0001,-25.121,0.117
8_1_1_8_mut_H185SL186IT188AT189DF190V_round_1_0012_0001,-23.891,0.126
8_1_2_8_mut_H185SL186IT188AT189DF190V_round_1_0014_0001,-23.492,0.124
8_1_3_8_mut_H185SL186IT188AT189DF190V_round_1_0005_0001,-29.121,0.125
8_1_3_8_mut_H185SL186IT188AT189DF190V_round_1_0011_0001,-22.203,0.119
8_1_3_8_mut_H185SL186IT188AT189DF190V_round_1_0017_0001,-13.908,0.138
8_1_4_8_mut_H185SL186IT188AT189DF190V_round_1_0002_0001,-24.762,0.134
8_1_5_8_mut_H185SL186IT188AT189DF190V_round_1_0006_0001,-19.674,0.132
8_1_5_8_mut_H185SL186IT188AT189DF190V_round_1_0008_0001,-25.524,0.124
8_1_6_8_mut_H185SL186IT188AT189DF190V_round_1_0002_0001,-26.243,0.125
8_1_6_8_mut_H185SL186IT188AT189DF190V_round_1_0012_0001,-25.612,0.123
8_1_6_8_mut_H185SL186IT188AT189DF190V_round_1_0017_0001,-26.637,0.117
8_1_7_8_mut_H185SL186IT188AT189DF190V_round_1_0003_0001,-15.422,0.121
8_1_7_8_mut_H185SL186IT188AT189DF190V_round_1_0006_0001,-23.988,0.129
8_1_7_8_mut_H185SL186IT188AT189DF190V_round_1_0012_0001,-22.017,0.113
8_1_8_8_mut_H185SL186IT188AT189DF190V_round_1_0018_0001,-22.961,0.119
8_1_9_8_mut_H185SL186IT188AT189DF190V_round_1_0013_0001,-27.507,0.124
8_1_9_8_mut_H185SL186IT188AT189DF190V_round_1_0015_0001,-22.348,0.126
8_1_9_8_mut_H185SL186IT188AT189DF190V_round_1_0016_0001,-21.630,0.127
8_1_9_8_mut_H185SL186IT188AT189DF190V_round_1_0020_0001,-25.321,0.119
8_2_10_8_mut_H185SL186IT188AT189DF190V_round_2_0002_0001,-23.300,0.109
8_2_1_8_mut_H185SL186IT188AT189DF190V_round_2_0006_0001,-29.565,0.108
8_2_2_8_mut_H185SL186IT188AT189DF190V_round_2_0003_0001,-26.359,0.109
8_2_2_8_mut_H185SL186IT188AT189DF190V_round_2_0005_0001,-12.473,0.107
8_2_3_8_mut_H185SL186IT188AT189DF190V_round_2_0006_0001,-21.968,0.105
8_2_3_8_mut_H185SL186IT188AT189DF190V_round_2_0010_0001,-25.333,0.110
8_2_3_8_mut_H185SL186IT188AT189DF190V_round_2_0013_0001,-28.548,0.107
8_2_4_8_mut_H185SL186IT188AT189DF190V_round_2_0005_0001,-26.068,0.108
8_2_4_8_mut_H185SL186IT188AT189DF190V_round_2_0017_0001,-25.151,0.107
8_2_5_8_mut_H185SL186IT188AT189DF190V_round_2_0002_0001,-25.824,0.109
8_2_5_8_mut_H185SL186IT188AT189DF190V_round_2_0006_0001,-27.328,0.107
8_2_5_8_mut_H185SL186IT188AT189DF190V_round_2_0012_0001,-22.354,0.106
8_2_5_8_mut_H185SL186IT188AT189DF190V_round_2_0016_0001,-25.868,0.111
8_2_6_8_mut_H185SL186IT188AT189DF190V_round_2_0008_0001,-24.900,0.110
8_2_7_8_mut_H185SL186IT188AT189DF190V_round_2_0016_0001,-20.251,0.110
8_2_8_8_mut_H185SL186IT188AT189DF190V_round_2_0009_0001,-21.837,0.107
8_2_9_8_mut_H185SL186IT188AT189DF190V_round_2_0020_0001,-23.682,0.108
