10_3_10_10_mut_H185SL186IT188MT189DF190V_round_3_0007_0001,-24.199,0.119
10_3_10_10_mut_H185SL186IT188MT189DF190V_round_3_0008_0001,-26.880,0.128
10_3_2_10_mut_H185SL186IT188MT189DF190V_round_3_0011_0001,-27.054,0.126
10_3_3_10_mut_H185SL186IT188MT189DF190V_round_3_0002_0001,-25.851,0.125
10_3_3_10_mut_H185SL186IT188MT189DF190V_round_3_0008_0001,-27.379,0.129
10_3_4_10_mut_H185SL186IT188MT189DF190V_round_3_0009_0001,-25.357,0.119
10_3_4_10_mut_H185SL186IT188MT189DF190V_round_3_0012_0001,-28.752,0.125
10_3_7_10_mut_H185SL186IT188MT189DF190V_round_3_0004_0001,-25.744,0.125
10_3_7_10_mut_H185SL186IT188MT189DF190V_round_3_0019_0001,-25.469,0.120
10_3_9_10_mut_H185SL186IT188MT189DF190V_round_3_0011_0001,-27.224,0.134
3_4_1_3_mut_H185SL186IT188MT189DF190V_round_4_0001_0001,-20.398,0.119
3_4_1_3_mut_H185SL186IT188MT189DF190V_round_4_0007_0001,-27.507,0.125
3_4_1_3_mut_H185SL186IT188MT189DF190V_round_4_0008_0001,-19.213,0.113
3_4_1_3_mut_H185SL186IT188MT189DF190V_round_4_0012_0001,-27.277,0.114
3_4_1_3_mut_H185SL186IT188MT189DF190V_round_4_0015_0001,-23.725,0.119
3_4_2_3_mut_H185SL186IT188MT189DF190V_round_4_0009_0001,-26.880,0.125
3_4_2_3_mut_H185SL186IT188MT189DF190V_round_4_0013_0001,-25.155,0.124
3_4_3_3_mut_H185SL186IT188MT189DF190V_round_4_0018_0001,-15.293,0.121
3_4_3_3_mut_H185SL186IT188MT189DF190V_round_4_0019_0001,-26.641,0.114
3_4_4_3_mut_H185SL186IT188MT189DF190V_round_4_0003_0001,-26.366,0.115
3_4_5_3_mut_H185SL186IT188MT189DF190V_round_4_0001_0001,-20.116,0.125
3_4_5_3_mut_H185SL186IT188MT189DF190V_round_4_0016_0001,-25.582,0.121
3_4_6_3_mut_H185SL186IT188MT189DF190V_round_4_0008_0001,-24.095,0.116
3_4_6_3_mut_H185SL186IT188MT189DF190V_round_4_0017_0001,-10.359,0.124
3_4_6_3_mut_H185SL186IT188MT189DF190V_round_4_0019_0001,-29.122,0.121
3_4_7_3_mut_H185SL186IT188MT189DF190V_round_4_0006_0001,-19.843,0.122
3_4_7_3_mut_H185SL186IT188MT189DF190V_round_4_0010_0001,-25.876,0.124
3_4_8_3_mut_H185SL186IT188MT189DF190V_round_4_0003_0001,-29.668,0.114
3_4_8_3_mut_H185SL186IT188MT189DF190V_round_4_0007_0001,-27.835,0.126
3_4_8_3_mut_H185SL186IT188MT189DF190V_round_4_0017_0001,-22.422,0.125
9_1_10_9_mut_H185SL186IT188MT189DF190V_round_1_0006_0001,-28.865,0.109
9_1_1_9_mut_H185SL186IT188MT189DF190V_round_1_0005_0001,-30.147,0.110
9_1_1_9_mut_H185SL186IT188MT189DF190V_round_1_0012_0001,-24.715,0.111
9_1_1_9_mut_H185SL186IT188MT189DF190V_round_1_0014_0001,-26.548,0.119
9_1_3_9_mut_H185SL186IT188MT189DF190V_round_1_0007_0001,-25.038,0.122
9_1_3_9_mut_H185SL186IT188MT189DF190V_round_1_0009_0001,-25.549,0.111
9_1_4_9_mut_H185SL186IT188MT189DF190V_round_1_0004_0001,-27.854,0.131
9_1_5_9_mut_H185SL186IT188MT189DF190V_round_1_0004_0001,-24.837,0.113
9_1_5_9_mut_H185SL186IT188MT189DF190V_round_1_0005_0001,-26.804,0.120
9_1_5_9_mut_H185SL186IT188MT189DF190V_round_1_0010_0001,-25.449,0.110
9_1_5_9_mut_H185SL186IT188MT189DF190V_round_1_0015_0001,-25.866,0.107
9_1_6_9_mut_H185SL186IT188MT189DF190V_round_1_0014_0001,-26.494,0.120
9_1_7_9_mut_H185SL186IT188MT189DF190V_round_1_0012_0001,-27.547,0.108
9_1_8_9_mut_H185SL186IT188MT189DF190V_round_1_0006_0001,-25.051,0.116
9_1_8_9_mut_H185SL186IT188MT189DF190V_round_1_0008_0001,-26.019,0.108
9_1_8_9_mut_H185SL186IT188MT189DF190V_round_1_0013_0001,-24.353,0.107
9_1_9_9_mut_H185SL186IT188MT189DF190V_round_1_0001_0001,-28.496,0.114
9_1_9_9_mut_H185SL186IT188MT189DF190V_round_1_0003_0001,-25.467,0.116
9_1_9_9_mut_H185SL186IT188MT189DF190V_round_1_0019_0001,-19.918,0.118
9_1_9_9_mut_H185SL186IT188MT189DF190V_round_1_0020_0001,-24.046,0.113
