10_5_10_10_mut_H68FH185SL186IT188WT189DF190V_round_5_0014_0001,-22.118,0.121
10_5_1_10_mut_H68FH185SL186IT188WT189DF190V_round_5_0002_0001,-26.567,0.122
10_5_1_10_mut_H68FH185SL186IT188WT189DF190V_round_5_0003_0001,-24.631,0.121
10_5_3_10_mut_H68FH185SL186IT188WT189DF190V_round_5_0009_0001,-24.757,0.124
10_5_3_10_mut_H68FH185SL186IT188WT189DF190V_round_5_0013_0001,-29.187,0.115
10_5_3_10_mut_H68FH185SL186IT188WT189DF190V_round_5_0016_0001,-28.909,0.120
10_5_4_10_mut_H68FH185SL186IT188WT189DF190V_round_5_0001_0001,-30.043,0.113
10_5_4_10_mut_H68FH185SL186IT188WT189DF190V_round_5_0009_0001,-30.742,0.118
10_5_4_10_mut_H68FH185SL186IT188WT189DF190V_round_5_0010_0001,-25.191,0.126
10_5_5_10_mut_H68FH185SL186IT188WT189DF190V_round_5_0002_0001,-28.440,0.119
10_5_6_10_mut_H68FH185SL186IT188WT189DF190V_round_5_0012_0001,-29.892,0.123
10_5_7_10_mut_H68FH185SL186IT188WT189DF190V_round_5_0001_0001,-30.389,0.120
10_5_8_10_mut_H68FH185SL186IT188WT189DF190V_round_5_0018_0001,-25.249,0.121
10_5_8_10_mut_H68FH185SL186IT188WT189DF190V_round_5_0019_0001,-25.793,0.125
10_5_9_10_mut_H68FH185SL186IT188WT189DF190V_round_5_0015_0001,-25.116,0.119
2_2_10_2_mut_H68FH185SL186IT188WT189DF190V_round_2_0014_0001,-29.970,0.120
2_2_10_2_mut_H68FH185SL186IT188WT189DF190V_round_2_0016_0001,-27.020,0.122
2_2_1_2_mut_H68FH185SL186IT188WT189DF190V_round_2_0001_0001,-24.314,0.121
2_2_1_2_mut_H68FH185SL186IT188WT189DF190V_round_2_0016_0001,-23.509,0.127
2_2_2_2_mut_H68FH185SL186IT188WT189DF190V_round_2_0004_0001,-24.150,0.122
2_2_2_2_mut_H68FH185SL186IT188WT189DF190V_round_2_0012_0001,-26.990,0.123
2_2_4_2_mut_H68FH185SL186IT188WT189DF190V_round_2_0001_0001,-26.959,0.125
2_2_4_2_mut_H68FH185SL186IT188WT189DF190V_round_2_0014_0001,-27.332,0.122
2_2_5_2_mut_H68FH185SL186IT188WT189DF190V_round_2_0009_0001,-24.033,0.123
2_2_6_2_mut_H68FH185SL186IT188WT189DF190V_round_2_0001_0001,-28.421,0.121
2_2_6_2_mut_H68FH185SL186IT188WT189DF190V_round_2_0010_0001,-28.417,0.119
2_2_6_2_mut_H68FH185SL186IT188WT189DF190V_round_2_0015_0001,-18.096,0.130
2_2_6_2_mut_H68FH185SL186IT188WT189DF190V_round_2_0019_0001,-29.639,0.121
2_2_6_2_mut_H68FH185SL186IT188WT189DF190V_round_2_0020_0001,-29.436,0.125
2_2_7_2_mut_H68FH185SL186IT188WT189DF190V_round_2_0013_0001,-27.297,0.118
2_2_7_2_mut_H68FH185SL186IT188WT189DF190V_round_2_0017_0001,-26.328,0.123
2_2_8_2_mut_H68FH185SL186IT188WT189DF190V_round_2_0014_0001,-26.252,0.123
2_2_8_2_mut_H68FH185SL186IT188WT189DF190V_round_2_0020_0001,-22.599,0.122
2_2_9_2_mut_H68FH185SL186IT188WT189DF190V_round_2_0016_0001,-31.087,0.121
7_5_10_7_mut_H68FH185SL186IT188WT189DF190V_round_5_0002_0001,-30.191,0.102
7_5_1_7_mut_H68FH185SL186IT188WT189DF190V_round_5_0011_0001,-27.856,0.109
7_5_2_7_mut_H68FH185SL186IT188WT189DF190V_round_5_0001_0001,-21.517,0.107
7_5_2_7_mut_H68FH185SL186IT188WT189DF190V_round_5_0006_0001,-24.540,0.103
7_5_2_7_mut_H68FH185SL186IT188WT189DF190V_round_5_0010_0001,-28.830,0.107
7_5_5_7_mut_H68FH185SL186IT188WT189DF190V_round_5_0002_0001,-23.669,0.103
7_5_5_7_mut_H68FH185SL186IT188WT189DF190V_round_5_0012_0001,-23.767,0.106
7_5_5_7_mut_H68FH185SL186IT188WT189DF190V_round_5_0017_0001,-32.435,0.101
7_5_5_7_mut_H68FH185SL186IT188WT189DF190V_round_5_0018_0001,-20.951,0.103
7_5_6_7_mut_H68FH185SL186IT188WT189DF190V_round_5_0015_0001,-28.515,0.103
7_5_6_7_mut_H68FH185SL186IT188WT189DF190V_round_5_0020_0001,-26.661,0.108
7_5_7_7_mut_H68FH185SL186IT188WT189DF190V_round_5_0002_0001,-29.064,0.108
7_5_9_7_mut_H68FH185SL186IT188WT189DF190V_round_5_0002_0001,-23.740,0.101
7_5_9_7_mut_H68FH185SL186IT188WT189DF190V_round_5_0007_0001,-26.498,0.109
7_5_9_7_mut_H68FH185SL186IT188WT189DF190V_round_5_0008_0001,-28.478,0.105
7_5_9_7_mut_H68FH185SL186IT188WT189DF190V_round_5_0009_0001,-27.365,0.101
