1_2_1_1_mut_H63FA87R_round_2_0010_0001,-20.819,0.000
1_2_1_1_mut_H63FA87R_round_2_0020_0001,-20.528,0.000
1_2_2_1_mut_H63FA87R_round_2_0007_0001,-19.918,0.000
1_2_2_1_mut_H63FA87R_round_2_0017_0001,-19.588,0.000
1_2_2_1_mut_H63FA87R_round_2_0021_0001,-20.625,0.000
1_2_2_1_mut_H63FA87R_round_2_0022_0001,-19.698,0.000
1_2_3_1_mut_H63FA87R_round_2_0002_0001,-19.602,0.000
1_2_3_1_mut_H63FA87R_round_2_0008_0001,-20.184,0.000
1_2_4_1_mut_H63FA87R_round_2_0005_0001,-18.719,0.000
1_2_4_1_mut_H63FA87R_round_2_0018_0001,-18.726,0.000
1_2_4_1_mut_H63FA87R_round_2_0020_0001,-21.396,0.000
1_2_4_1_mut_H63FA87R_round_2_0023_0001,-21.252,0.000
1_2_5_1_mut_H63FA87R_round_2_0005_0001,-19.602,0.000
1_2_5_1_mut_H63FA87R_round_2_0007_0001,-19.727,0.000
1_2_8_1_mut_H63FA87R_round_2_0019_0001,-20.149,0.000
4_4_1_4_mut_H63FA87R_round_4_0002_0001,-18.575,0.000
4_4_1_4_mut_H63FA87R_round_4_0024_0001,-20.601,0.000
4_4_2_4_mut_H63FA87R_round_4_0003_0001,-20.035,0.000
4_4_2_4_mut_H63FA87R_round_4_0006_0001,-20.302,0.000
4_4_2_4_mut_H63FA87R_round_4_0016_0001,-21.712,0.000
4_4_2_4_mut_H63FA87R_round_4_0023_0001,-20.943,0.000
4_4_3_4_mut_H63FA87R_round_4_0001_0001,-19.799,0.000
4_4_3_4_mut_H63FA87R_round_4_0002_0001,-20.586,0.000
4_4_3_4_mut_H63FA87R_round_4_0017_0001,-20.730,0.000
4_4_3_4_mut_H63FA87R_round_4_0018_0001,-20.204,0.000
4_4_3_4_mut_H63FA87R_round_4_0023_0001,-20.527,0.000
4_4_4_4_mut_H63FA87R_round_4_0014_0001,-20.935,0.000
4_4_4_4_mut_H63FA87R_round_4_0019_0001,-20.656,0.000
4_4_6_4_mut_H63FA87R_round_4_0009_0001,-19.319,0.000
4_4_6_4_mut_H63FA87R_round_4_0025_0001,-19.675,0.000
4_4_8_4_mut_H63FA87R_round_4_0009_0001,-20.386,0.000
8_4_1_8_mut_H63FA87R_round_4_0001_0001,-19.604,0.000
8_4_1_8_mut_H63FA87R_round_4_0007_0001,-20.624,0.000
8_4_1_8_mut_H63FA87R_round_4_0011_0001,-20.864,0.000
8_4_1_8_mut_H63FA87R_round_4_0015_0001,-21.001,0.000
8_4_2_8_mut_H63FA87R_round_4_0010_0001,-20.363,0.000
8_4_2_8_mut_H63FA87R_round_4_0023_0001,-20.684,0.000
8_4_2_8_mut_H63FA87R_round_4_0024_0001,-20.976,0.000
8_4_3_8_mut_H63FA87R_round_4_0002_0001,-19.973,0.000
8_4_3_8_mut_H63FA87R_round_4_0003_0001,-20.286,0.000
8_4_3_8_mut_H63FA87R_round_4_0014_0001,-20.172,0.000
8_4_3_8_mut_H63FA87R_round_4_0015_0001,-23.293,0.000
8_4_3_8_mut_H63FA87R_round_4_0018_0001,-20.571,0.000
8_4_4_8_mut_H63FA87R_round_4_0017_0001,-19.988,0.000
8_4_4_8_mut_H63FA87R_round_4_0022_0001,-19.315,0.000
8_4_5_8_mut_H63FA87R_round_4_0004_0001,-19.663,0.000
8_4_5_8_mut_H63FA87R_round_4_0023_0001,-20.636,0.000
8_4_5_8_mut_H63FA87R_round_4_0025_0001,-20.692,0.000
8_4_7_8_mut_H63FA87R_round_4_0018_0001,-20.602,0.000
8_4_8_8_mut_H63FA87R_round_4_0004_0001,-20.159,0.000
