0001_5_5_3_5_repacked_wt_round_5_0001_0001,-20.846,0.000
0001_5_5_5_5_repacked_wt_round_5_0001_0001,-20.856,0.000
0001_5_5_7_5_repacked_wt_round_5_0001_0001,-21.671,0.000
0001_6_1_1_6_repacked_wt_round_1_0001_0001,-21.242,0.000
0001_6_1_2_6_repacked_wt_round_1_0001_0001,-21.975,0.000
0001_6_1_4_6_repacked_wt_round_1_0001_0001,-23.423,0.000
0001_6_1_6_6_repacked_wt_round_1_0001_0001,-21.563,0.000
0001_6_1_7_6_repacked_wt_round_1_0001_0001,-18.917,0.000
0001_6_1_8_6_repacked_wt_round_1_0001_0001,-19.518,0.000
0001_6_3_1_6_repacked_wt_round_3_0001_0001,-23.185,0.000
0001_6_3_4_6_repacked_wt_round_3_0001_0001,-20.228,0.000
0001_6_3_7_6_repacked_wt_round_3_0001_0001,-20.109,0.000
0006_4_1_1_4_repacked_wt_round_1_0001_0001,-20.476,0.000
0006_4_1_5_4_repacked_wt_round_1_0001_0001,-18.631,0.000
0006_7_1_2_7_repacked_wt_round_1_0001_0001,-20.888,0.000
0007_6_1_7_6_repacked_wt_round_1_0001_0001,-17.735,0.000
0007_9_1_10_9_repacked_wt_round_1_0001_0001,-18.886,0.000
0007_9_1_5_9_repacked_wt_round_1_0001_0001,-20.057,0.000
0007_9_1_6_9_repacked_wt_round_1_0001_0001,-17.887,0.000
0007_9_3_2_9_repacked_wt_round_3_0001_0001,-20.903,0.000
0007_9_3_7_9_repacked_wt_round_3_0001_0001,-23.597,0.000
0009_7_5_10_7_repacked_wt_round_5_0001_0001,-20.526,0.000
0011_3_5_3_3_repacked_wt_round_5_0001_0001,-21.016,0.000
0011_3_5_4_3_repacked_wt_round_5_0001_0001,-22.200,0.000
0011_3_5_7_3_repacked_wt_round_5_0001_0001,-20.906,0.000
0011_5_4_3_5_repacked_wt_round_4_0001_0001,-21.480,0.000
0011_5_4_5_5_repacked_wt_round_4_0001_0001,-20.576,0.000
0011_7_1_2_7_repacked_wt_round_1_0001_0001,-20.699,0.000
0011_7_1_9_7_repacked_wt_round_1_0001_0001,-20.557,0.000
0013_10_1_10_10_repacked_wt_round_1_0001_0001,-22.745,0.000
0013_10_1_9_10_repacked_wt_round_1_0001_0001,-15.590,0.000
0013_3_2_2_3_repacked_wt_round_2_0001_0001,-21.532,0.000
0013_3_2_3_3_repacked_wt_round_2_0001_0001,-21.431,0.000
0013_3_2_7_3_repacked_wt_round_2_0001_0001,-20.103,0.000
0013_6_5_10_6_repacked_wt_round_5_0001_0001,-22.714,0.000
0013_6_5_1_6_repacked_wt_round_5_0001_0001,-19.012,0.000
0014_1_5_3_1_repacked_wt_round_5_0001_0001,-20.448,0.000
0015_4_2_2_4_repacked_wt_round_2_0001_0001,-18.673,0.000
0015_4_2_3_4_repacked_wt_round_2_0001_0001,-17.101,0.000
0015_8_1_10_8_repacked_wt_round_1_0001_0001,-16.445,0.000
0015_8_1_8_8_repacked_wt_round_1_0001_0001,-15.189,0.000
0015_8_1_9_8_repacked_wt_round_1_0001_0001,-17.975,0.000
0015_8_3_1_8_repacked_wt_round_3_0001_0001,-18.502,0.000
0015_8_3_4_8_repacked_wt_round_3_0001_0001,-12.987,0.000
0015_8_3_6_8_repacked_wt_round_3_0001_0001,-18.366,0.000
0015_8_3_7_8_repacked_wt_round_3_0001_0001,-16.530,0.000
0015_8_3_9_8_repacked_wt_round_3_0001_0001,-21.032,0.000
0016_3_1_10_3_repacked_wt_round_1_0001_0001,-23.126,0.000
0016_5_1_4_5_repacked_wt_round_1_0001_0001,-19.274,0.000
0019_9_2_7_9_repacked_wt_round_2_0001_0001,-19.656,0.000
