2_2_1_2_mut_E102HS103TE104SS105TK106LV107L_round_2_0017_0001,-24.532,0.624
2_2_1_2_mut_E102HS103TE104SS105TK106LV107L_round_2_0018_0001,-26.185,0.626
2_2_1_2_mut_E102HS103TE104SS105TK106LV107L_round_2_0020_0001,-25.659,0.625
2_2_1_2_mut_E102HS103TE104SS105TK106LV107L_round_2_0024_0001,-26.178,0.626
2_2_3_2_mut_E102HS103TE104SS105TK106LV107L_round_2_0004_0001,-25.460,0.623
2_2_3_2_mut_E102HS103TE104SS105TK106LV107L_round_2_0006_0001,-26.187,0.626
2_2_3_2_mut_E102HS103TE104SS105TK106LV107L_round_2_0007_0001,-26.188,0.626
2_2_3_2_mut_E102HS103TE104SS105TK106LV107L_round_2_0025_0001,-26.153,0.625
2_2_4_2_mut_E102HS103TE104SS105TK106LV107L_round_2_0015_0001,-26.217,0.625
2_2_4_2_mut_E102HS103TE104SS105TK106LV107L_round_2_0023_0001,-25.972,0.626
2_2_5_2_mut_E102HS103TE104SS105TK106LV107L_round_2_0003_0001,-26.212,0.624
2_2_6_2_mut_E102HS103TE104SS105TK106LV107L_round_2_0003_0001,-26.082,0.625
2_2_6_2_mut_E102HS103TE104SS105TK106LV107L_round_2_0019_0001,-26.306,0.625
2_2_6_2_mut_E102HS103TE104SS105TK106LV107L_round_2_0020_0001,-25.752,0.624
2_2_7_2_mut_E102HS103TE104SS105TK106LV107L_round_2_0018_0001,-26.227,0.626
2_2_8_2_mut_E102HS103TE104SS105TK106LV107L_round_2_0001_0001,-26.227,0.626
2_2_8_2_mut_E102HS103TE104SS105TK106LV107L_round_2_0019_0001,-25.805,0.624
5_1_1_5_mut_E102HS103TE104SS105TK106LV107L_round_1_0002_0001,-26.080,0.626
5_1_1_5_mut_E102HS103TE104SS105TK106LV107L_round_1_0014_0001,-26.356,0.625
5_1_2_5_mut_E102HS103TE104SS105TK106LV107L_round_1_0023_0001,-25.789,0.625
5_1_3_5_mut_E102HS103TE104SS105TK106LV107L_round_1_0011_0001,-25.811,0.624
5_1_3_5_mut_E102HS103TE104SS105TK106LV107L_round_1_0015_0001,-26.062,0.625
5_1_4_5_mut_E102HS103TE104SS105TK106LV107L_round_1_0016_0001,-26.141,0.625
5_1_4_5_mut_E102HS103TE104SS105TK106LV107L_round_1_0018_0001,-26.159,0.625
5_1_4_5_mut_E102HS103TE104SS105TK106LV107L_round_1_0020_0001,-26.249,0.626
5_1_5_5_mut_E102HS103TE104SS105TK106LV107L_round_1_0005_0001,-26.666,0.625
5_1_5_5_mut_E102HS103TE104SS105TK106LV107L_round_1_0009_0001,-26.214,0.626
5_1_5_5_mut_E102HS103TE104SS105TK106LV107L_round_1_0010_0001,-26.307,0.625
5_1_6_5_mut_E102HS103TE104SS105TK106LV107L_round_1_0012_0001,-26.203,0.626
5_1_6_5_mut_E102HS103TE104SS105TK106LV107L_round_1_0019_0001,-26.026,0.626
5_1_6_5_mut_E102HS103TE104SS105TK106LV107L_round_1_0022_0001,-26.249,0.626
5_1_7_5_mut_E102HS103TE104SS105TK106LV107L_round_1_0010_0001,-26.138,0.623
5_1_8_5_mut_E102HS103TE104SS105TK106LV107L_round_1_0008_0001,-24.165,0.624
5_1_8_5_mut_E102HS103TE104SS105TK106LV107L_round_1_0012_0001,-26.111,0.625
5_1_8_5_mut_E102HS103TE104SS105TK106LV107L_round_1_0017_0001,-26.251,0.624
5_1_8_5_mut_E102HS103TE104SS105TK106LV107L_round_1_0019_0001,-26.265,0.625
5_1_8_5_mut_E102HS103TE104SS105TK106LV107L_round_1_0023_0001,-26.159,0.626
6_5_1_6_mut_E102HS103TE104SS105TK106LV107L_round_5_0001_0001,-26.218,0.626
6_5_1_6_mut_E102HS103TE104SS105TK106LV107L_round_5_0013_0001,-26.011,0.624
6_5_2_6_mut_E102HS103TE104SS105TK106LV107L_round_5_0010_0001,-26.153,0.624
6_5_3_6_mut_E102HS103TE104SS105TK106LV107L_round_5_0022_0001,-25.977,0.626
6_5_4_6_mut_E102HS103TE104SS105TK106LV107L_round_5_0004_0001,-26.214,0.626
6_5_4_6_mut_E102HS103TE104SS105TK106LV107L_round_5_0012_0001,-26.018,0.625
6_5_4_6_mut_E102HS103TE104SS105TK106LV107L_round_5_0020_0001,-26.130,0.625
6_5_5_6_mut_E102HS103TE104SS105TK106LV107L_round_5_0001_0001,-26.201,0.625
6_5_5_6_mut_E102HS103TE104SS105TK106LV107L_round_5_0021_0001,-26.126,0.624
6_5_6_6_mut_E102HS103TE104SS105TK106LV107L_round_5_0022_0001,-25.521,0.626
6_5_7_6_mut_E102HS103TE104SS105TK106LV107L_round_5_0001_0001,-25.718,0.625
6_5_7_6_mut_E102HS103TE104SS105TK106LV107L_round_5_0008_0001,-26.043,0.626
6_5_8_6_mut_E102HS103TE104SS105TK106LV107L_round_5_0013_0001,-25.783,0.623
