4_2_1_4_mut_E102RS103RS105TK106Q_round_2_0002_0001,-28.348,0.626
4_2_1_4_mut_E102RS103RS105TK106Q_round_2_0005_0001,-29.383,0.625
4_2_1_4_mut_E102RS103RS105TK106Q_round_2_0015_0001,-29.957,0.624
4_2_1_4_mut_E102RS103RS105TK106Q_round_2_0024_0001,-29.204,0.626
4_2_2_4_mut_E102RS103RS105TK106Q_round_2_0013_0001,-29.121,0.626
4_2_3_4_mut_E102RS103RS105TK106Q_round_2_0025_0001,-28.829,0.625
4_2_4_4_mut_E102RS103RS105TK106Q_round_2_0009_0001,-29.038,0.624
4_2_4_4_mut_E102RS103RS105TK106Q_round_2_0022_0001,-29.530,0.626
4_2_5_4_mut_E102RS103RS105TK106Q_round_2_0001_0001,-28.799,0.626
4_2_5_4_mut_E102RS103RS105TK106Q_round_2_0014_0001,-28.849,0.623
4_2_5_4_mut_E102RS103RS105TK106Q_round_2_0022_0001,-28.230,0.625
4_2_6_4_mut_E102RS103RS105TK106Q_round_2_0020_0001,-29.599,0.625
4_2_6_4_mut_E102RS103RS105TK106Q_round_2_0024_0001,-28.049,0.625
4_2_7_4_mut_E102RS103RS105TK106Q_round_2_0011_0001,-28.957,0.625
4_2_7_4_mut_E102RS103RS105TK106Q_round_2_0015_0001,-28.600,0.626
4_2_7_4_mut_E102RS103RS105TK106Q_round_2_0021_0001,-26.783,0.623
4_2_8_4_mut_E102RS103RS105TK106Q_round_2_0002_0001,-27.448,0.626
4_2_8_4_mut_E102RS103RS105TK106Q_round_2_0008_0001,-28.771,0.624
4_2_8_4_mut_E102RS103RS105TK106Q_round_2_0019_0001,-28.423,0.626
5_5_2_5_mut_E102RS103RS105TK106Q_round_5_0005_0001,-28.319,0.624
5_5_2_5_mut_E102RS103RS105TK106Q_round_5_0009_0001,-29.108,0.626
5_5_3_5_mut_E102RS103RS105TK106Q_round_5_0003_0001,-26.696,0.626
5_5_4_5_mut_E102RS103RS105TK106Q_round_5_0008_0001,-27.537,0.625
5_5_5_5_mut_E102RS103RS105TK106Q_round_5_0007_0001,-28.573,0.625
5_5_5_5_mut_E102RS103RS105TK106Q_round_5_0016_0001,-28.933,0.625
5_5_6_5_mut_E102RS103RS105TK106Q_round_5_0012_0001,-29.209,0.625
5_5_6_5_mut_E102RS103RS105TK106Q_round_5_0017_0001,-27.599,0.625
5_5_6_5_mut_E102RS103RS105TK106Q_round_5_0023_0001,-28.638,0.624
5_5_7_5_mut_E102RS103RS105TK106Q_round_5_0004_0001,-28.304,0.624
5_5_7_5_mut_E102RS103RS105TK106Q_round_5_0005_0001,-30.050,0.626
5_5_7_5_mut_E102RS103RS105TK106Q_round_5_0008_0001,-29.440,0.625
5_5_7_5_mut_E102RS103RS105TK106Q_round_5_0012_0001,-26.217,0.624
5_5_7_5_mut_E102RS103RS105TK106Q_round_5_0025_0001,-29.074,0.625
5_5_8_5_mut_E102RS103RS105TK106Q_round_5_0020_0001,-27.250,0.624
5_5_8_5_mut_E102RS103RS105TK106Q_round_5_0022_0001,-27.275,0.625
6_4_1_6_mut_E102RS103RS105TK106Q_round_4_0006_0001,-27.118,0.624
6_4_2_6_mut_E102RS103RS105TK106Q_round_4_0001_0001,-27.975,0.625
6_4_2_6_mut_E102RS103RS105TK106Q_round_4_0016_0001,-28.428,0.625
6_4_3_6_mut_E102RS103RS105TK106Q_round_4_0005_0001,-28.097,0.625
6_4_3_6_mut_E102RS103RS105TK106Q_round_4_0010_0001,-27.985,0.625
6_4_3_6_mut_E102RS103RS105TK106Q_round_4_0025_0001,-28.778,0.626
6_4_4_6_mut_E102RS103RS105TK106Q_round_4_0002_0001,-28.093,0.624
6_4_4_6_mut_E102RS103RS105TK106Q_round_4_0006_0001,-29.684,0.626
6_4_5_6_mut_E102RS103RS105TK106Q_round_4_0007_0001,-29.077,0.626
6_4_5_6_mut_E102RS103RS105TK106Q_round_4_0016_0001,-29.486,0.625
6_4_6_6_mut_E102RS103RS105TK106Q_round_4_0005_0001,-28.020,0.626
6_4_6_6_mut_E102RS103RS105TK106Q_round_4_0017_0001,-26.972,0.624
6_4_7_6_mut_E102RS103RS105TK106Q_round_4_0006_0001,-26.592,0.625
6_4_7_6_mut_E102RS103RS105TK106Q_round_4_0021_0001,-28.193,0.625
6_4_8_6_mut_E102RS103RS105TK106Q_round_4_0024_0001,-29.171,0.626
