1_2_1_1_mut_E102A_round_2_0002_0001,-26.567,0.625
1_2_2_1_mut_E102A_round_2_0005_0001,-27.063,0.626
1_2_2_1_mut_E102A_round_2_0012_0001,-26.054,0.626
1_2_2_1_mut_E102A_round_2_0015_0001,-25.171,0.626
1_2_4_1_mut_E102A_round_2_0001_0001,-26.502,0.626
1_2_4_1_mut_E102A_round_2_0002_0001,-25.116,0.627
1_2_4_1_mut_E102A_round_2_0003_0001,-26.633,0.625
1_2_4_1_mut_E102A_round_2_0006_0001,-26.819,0.630
1_2_4_1_mut_E102A_round_2_0014_0001,-25.611,0.625
1_2_4_1_mut_E102A_round_2_0024_0001,-26.330,0.625
1_2_5_1_mut_E102A_round_2_0007_0001,-26.564,0.625
1_2_5_1_mut_E102A_round_2_0015_0001,-26.540,0.626
1_2_5_1_mut_E102A_round_2_0024_0001,-25.166,0.626
1_2_7_1_mut_E102A_round_2_0013_0001,-25.310,0.626
3_3_1_3_mut_E102A_round_3_0008_0001,-26.483,0.626
3_3_1_3_mut_E102A_round_3_0013_0001,-25.562,0.626
3_3_2_3_mut_E102A_round_3_0003_0001,-26.430,0.626
3_3_2_3_mut_E102A_round_3_0018_0001,-26.978,0.626
3_3_3_3_mut_E102A_round_3_0002_0001,-26.579,0.625
3_3_3_3_mut_E102A_round_3_0003_0001,-26.159,0.625
3_3_3_3_mut_E102A_round_3_0010_0001,-25.291,0.626
3_3_3_3_mut_E102A_round_3_0024_0001,-25.295,0.626
3_3_4_3_mut_E102A_round_3_0016_0001,-26.054,0.626
3_3_4_3_mut_E102A_round_3_0021_0001,-25.343,0.626
3_3_5_3_mut_E102A_round_3_0006_0001,-25.841,0.626
3_3_5_3_mut_E102A_round_3_0022_0001,-25.321,0.626
3_3_7_3_mut_E102A_round_3_0012_0001,-26.462,0.626
3_3_8_3_mut_E102A_round_3_0013_0001,-25.415,0.626
4_2_1_4_mut_E102A_round_2_0002_0001,-26.515,0.626
4_2_1_4_mut_E102A_round_2_0005_0001,-25.479,0.626
4_2_1_4_mut_E102A_round_2_0006_0001,-26.550,0.625
4_2_1_4_mut_E102A_round_2_0020_0001,-26.487,0.625
4_2_1_4_mut_E102A_round_2_0021_0001,-24.759,0.625
4_2_2_4_mut_E102A_round_2_0002_0001,-25.053,0.625
4_2_2_4_mut_E102A_round_2_0005_0001,-26.438,0.626
4_2_3_4_mut_E102A_round_2_0010_0001,-25.542,0.626
4_2_3_4_mut_E102A_round_2_0015_0001,-26.212,0.625
4_2_3_4_mut_E102A_round_2_0017_0001,-26.270,0.626
4_2_3_4_mut_E102A_round_2_0022_0001,-25.033,0.625
4_2_4_4_mut_E102A_round_2_0010_0001,-26.619,0.626
4_2_4_4_mut_E102A_round_2_0019_0001,-25.057,0.625
4_2_4_4_mut_E102A_round_2_0025_0001,-25.032,0.625
4_2_5_4_mut_E102A_round_2_0005_0001,-26.426,0.626
4_2_5_4_mut_E102A_round_2_0016_0001,-24.210,0.624
4_2_5_4_mut_E102A_round_2_0018_0001,-25.550,0.626
4_2_6_4_mut_E102A_round_2_0005_0001,-27.081,0.625
4_2_6_4_mut_E102A_round_2_0025_0001,-25.637,0.626
4_2_7_4_mut_E102A_round_2_0008_0001,-25.561,0.626
4_2_7_4_mut_E102A_round_2_0010_0001,-26.230,0.625
4_2_8_4_mut_E102A_round_2_0008_0001,-25.536,0.626
