10_3_1_10_mut_E102TS103NE104DK106LV107L_round_3_0007_0001,-23.141,0.625
10_3_3_10_mut_E102TS103NE104DK106LV107L_round_3_0009_0001,-24.066,0.625
10_3_3_10_mut_E102TS103NE104DK106LV107L_round_3_0023_0001,-24.344,0.625
10_3_4_10_mut_E102TS103NE104DK106LV107L_round_3_0009_0001,-24.213,0.625
10_3_5_10_mut_E102TS103NE104DK106LV107L_round_3_0007_0001,-23.873,0.626
10_3_5_10_mut_E102TS103NE104DK106LV107L_round_3_0010_0001,-23.282,0.625
10_3_5_10_mut_E102TS103NE104DK106LV107L_round_3_0021_0001,-23.286,0.623
10_3_5_10_mut_E102TS103NE104DK106LV107L_round_3_0024_0001,-23.324,0.625
10_3_6_10_mut_E102TS103NE104DK106LV107L_round_3_0014_0001,-23.559,0.626
10_3_7_10_mut_E102TS103NE104DK106LV107L_round_3_0022_0001,-24.268,0.626
10_3_8_10_mut_E102TS103NE104DK106LV107L_round_3_0013_0001,-24.304,0.626
10_3_8_10_mut_E102TS103NE104DK106LV107L_round_3_0014_0001,-23.467,0.625
10_3_8_10_mut_E102TS103NE104DK106LV107L_round_3_0022_0001,-24.148,0.625
1_5_1_1_mut_E102TS103NE104DK106LV107L_round_5_0016_0001,-23.993,0.626
1_5_2_1_mut_E102TS103NE104DK106LV107L_round_5_0006_0001,-24.295,0.626
1_5_2_1_mut_E102TS103NE104DK106LV107L_round_5_0011_0001,-23.999,0.626
1_5_2_1_mut_E102TS103NE104DK106LV107L_round_5_0013_0001,-24.408,0.625
1_5_2_1_mut_E102TS103NE104DK106LV107L_round_5_0016_0001,-23.927,0.625
1_5_2_1_mut_E102TS103NE104DK106LV107L_round_5_0017_0001,-24.366,0.626
1_5_2_1_mut_E102TS103NE104DK106LV107L_round_5_0021_0001,-23.716,0.626
1_5_3_1_mut_E102TS103NE104DK106LV107L_round_5_0006_0001,-24.268,0.625
1_5_4_1_mut_E102TS103NE104DK106LV107L_round_5_0001_0001,-23.393,0.625
1_5_4_1_mut_E102TS103NE104DK106LV107L_round_5_0007_0001,-23.932,0.626
1_5_4_1_mut_E102TS103NE104DK106LV107L_round_5_0010_0001,-23.288,0.624
1_5_4_1_mut_E102TS103NE104DK106LV107L_round_5_0022_0001,-23.640,0.626
1_5_7_1_mut_E102TS103NE104DK106LV107L_round_5_0001_0001,-23.507,0.626
1_5_7_1_mut_E102TS103NE104DK106LV107L_round_5_0013_0001,-23.212,0.626
1_5_8_1_mut_E102TS103NE104DK106LV107L_round_5_0012_0001,-23.289,0.625
1_5_8_1_mut_E102TS103NE104DK106LV107L_round_5_0013_0001,-24.403,0.626
6_1_2_6_mut_E102TS103NE104DK106LV107L_round_1_0010_0001,-24.332,0.625
6_1_3_6_mut_E102TS103NE104DK106LV107L_round_1_0005_0001,-24.071,0.625
6_1_3_6_mut_E102TS103NE104DK106LV107L_round_1_0009_0001,-22.938,0.626
6_1_3_6_mut_E102TS103NE104DK106LV107L_round_1_0010_0001,-24.404,0.625
6_1_3_6_mut_E102TS103NE104DK106LV107L_round_1_0017_0001,-24.364,0.625
6_1_3_6_mut_E102TS103NE104DK106LV107L_round_1_0020_0001,-24.392,0.625
6_1_3_6_mut_E102TS103NE104DK106LV107L_round_1_0023_0001,-24.297,0.626
6_1_4_6_mut_E102TS103NE104DK106LV107L_round_1_0008_0001,-24.372,0.625
6_1_4_6_mut_E102TS103NE104DK106LV107L_round_1_0009_0001,-24.291,0.626
6_1_4_6_mut_E102TS103NE104DK106LV107L_round_1_0020_0001,-23.648,0.625
6_1_4_6_mut_E102TS103NE104DK106LV107L_round_1_0024_0001,-23.829,0.626
6_1_5_6_mut_E102TS103NE104DK106LV107L_round_1_0021_0001,-24.322,0.625
6_1_7_6_mut_E102TS103NE104DK106LV107L_round_1_0003_0001,-23.869,0.625
6_1_7_6_mut_E102TS103NE104DK106LV107L_round_1_0008_0001,-24.076,0.625
6_1_7_6_mut_E102TS103NE104DK106LV107L_round_1_0011_0001,-23.455,0.625
6_1_7_6_mut_E102TS103NE104DK106LV107L_round_1_0014_0001,-23.274,0.625
6_1_7_6_mut_E102TS103NE104DK106LV107L_round_1_0015_0001,-24.120,0.625
6_1_8_6_mut_E102TS103NE104DK106LV107L_round_1_0002_0001,-22.591,0.625
6_1_8_6_mut_E102TS103NE104DK106LV107L_round_1_0009_0001,-23.383,0.625
6_1_8_6_mut_E102TS103NE104DK106LV107L_round_1_0011_0001,-23.549,0.625
6_1_8_6_mut_E102TS103NE104DK106LV107L_round_1_0025_0001,-24.065,0.626
