10_3_1_10_mut_E102TA103NS104DE105SS106LK107LV108A_round_3_0016_0001,-25.877,0.625
10_3_1_10_mut_E102TA103NS104DE105SS106LK107LV108A_round_3_0018_0001,-25.346,0.625
10_3_1_10_mut_E102TA103NS104DE105SS106LK107LV108A_round_3_0021_0001,-25.670,0.625
10_3_2_10_mut_E102TA103NS104DE105SS106LK107LV108A_round_3_0003_0001,-25.674,0.625
10_3_2_10_mut_E102TA103NS104DE105SS106LK107LV108A_round_3_0018_0001,-25.812,0.625
10_3_2_10_mut_E102TA103NS104DE105SS106LK107LV108A_round_3_0022_0001,-26.022,0.626
10_3_3_10_mut_E102TA103NS104DE105SS106LK107LV108A_round_3_0004_0001,-24.623,0.625
10_3_3_10_mut_E102TA103NS104DE105SS106LK107LV108A_round_3_0020_0001,-26.365,0.626
10_3_4_10_mut_E102TA103NS104DE105SS106LK107LV108A_round_3_0014_0001,-25.980,0.625
10_3_4_10_mut_E102TA103NS104DE105SS106LK107LV108A_round_3_0015_0001,-26.455,0.626
10_3_4_10_mut_E102TA103NS104DE105SS106LK107LV108A_round_3_0017_0001,-25.707,0.626
10_3_5_10_mut_E102TA103NS104DE105SS106LK107LV108A_round_3_0003_0001,-26.496,0.626
10_3_5_10_mut_E102TA103NS104DE105SS106LK107LV108A_round_3_0017_0001,-25.110,0.625
10_3_5_10_mut_E102TA103NS104DE105SS106LK107LV108A_round_3_0022_0001,-25.445,0.625
10_3_5_10_mut_E102TA103NS104DE105SS106LK107LV108A_round_3_0023_0001,-25.039,0.626
10_3_6_10_mut_E102TA103NS104DE105SS106LK107LV108A_round_3_0013_0001,-25.631,0.625
10_3_6_10_mut_E102TA103NS104DE105SS106LK107LV108A_round_3_0021_0001,-25.104,0.625
10_3_6_10_mut_E102TA103NS104DE105SS106LK107LV108A_round_3_0022_0001,-26.443,0.626
10_3_7_10_mut_E102TA103NS104DE105SS106LK107LV108A_round_3_0005_0001,-25.794,0.625
10_3_7_10_mut_E102TA103NS104DE105SS106LK107LV108A_round_3_0007_0001,-25.866,0.626
10_3_7_10_mut_E102TA103NS104DE105SS106LK107LV108A_round_3_0020_0001,-27.083,0.625
10_3_8_10_mut_E102TA103NS104DE105SS106LK107LV108A_round_3_0025_0001,-27.174,0.626
3_1_3_3_mut_E102TA103NS104DE105SS106LK107LV108A_round_1_0004_0001,-25.349,0.625
3_1_3_3_mut_E102TA103NS104DE105SS106LK107LV108A_round_1_0013_0001,-25.540,0.626
3_1_4_3_mut_E102TA103NS104DE105SS106LK107LV108A_round_1_0004_0001,-26.733,0.626
3_1_5_3_mut_E102TA103NS104DE105SS106LK107LV108A_round_1_0013_0001,-25.872,0.626
3_1_6_3_mut_E102TA103NS104DE105SS106LK107LV108A_round_1_0011_0001,-25.577,0.626
3_1_7_3_mut_E102TA103NS104DE105SS106LK107LV108A_round_1_0019_0001,-25.889,0.625
3_1_8_3_mut_E102TA103NS104DE105SS106LK107LV108A_round_1_0007_0001,-25.762,0.625
3_1_8_3_mut_E102TA103NS104DE105SS106LK107LV108A_round_1_0008_0001,-25.705,0.626
3_1_8_3_mut_E102TA103NS104DE105SS106LK107LV108A_round_1_0020_0001,-25.531,0.626
6_5_1_6_mut_E102TA103NS104DE105SS106LK107LV108A_round_5_0001_0001,-25.349,0.625
6_5_2_6_mut_E102TA103NS104DE105SS106LK107LV108A_round_5_0002_0001,-25.602,0.625
6_5_2_6_mut_E102TA103NS104DE105SS106LK107LV108A_round_5_0019_0001,-25.719,0.625
6_5_3_6_mut_E102TA103NS104DE105SS106LK107LV108A_round_5_0022_0001,-25.662,0.626
6_5_4_6_mut_E102TA103NS104DE105SS106LK107LV108A_round_5_0011_0001,-25.693,0.626
6_5_4_6_mut_E102TA103NS104DE105SS106LK107LV108A_round_5_0021_0001,-25.520,0.626
6_5_4_6_mut_E102TA103NS104DE105SS106LK107LV108A_round_5_0023_0001,-25.596,0.625
6_5_4_6_mut_E102TA103NS104DE105SS106LK107LV108A_round_5_0025_0001,-25.727,0.625
6_5_5_6_mut_E102TA103NS104DE105SS106LK107LV108A_round_5_0004_0001,-25.972,0.626
6_5_5_6_mut_E102TA103NS104DE105SS106LK107LV108A_round_5_0005_0001,-25.908,0.625
6_5_5_6_mut_E102TA103NS104DE105SS106LK107LV108A_round_5_0007_0001,-24.956,0.626
6_5_5_6_mut_E102TA103NS104DE105SS106LK107LV108A_round_5_0008_0001,-25.236,0.626
6_5_5_6_mut_E102TA103NS104DE105SS106LK107LV108A_round_5_0019_0001,-26.329,0.626
6_5_6_6_mut_E102TA103NS104DE105SS106LK107LV108A_round_5_0008_0001,-25.541,0.625
6_5_6_6_mut_E102TA103NS104DE105SS106LK107LV108A_round_5_0013_0001,-25.936,0.626
6_5_6_6_mut_E102TA103NS104DE105SS106LK107LV108A_round_5_0019_0001,-25.687,0.625
6_5_7_6_mut_E102TA103NS104DE105SS106LK107LV108A_round_5_0003_0001,-25.568,0.626
6_5_8_6_mut_E102TA103NS104DE105SS106LK107LV108A_round_5_0006_0001,-24.644,0.626
6_5_8_6_mut_E102TA103NS104DE105SS106LK107LV108A_round_5_0010_0001,-24.765,0.626
