6_1_1_6_mut_E102TS103TK106DV107L_round_1_0013_0001,-24.977,0.626
6_1_1_6_mut_E102TS103TK106DV107L_round_1_0022_0001,-23.905,0.625
6_1_2_6_mut_E102TS103TK106DV107L_round_1_0005_0001,-24.432,0.625
6_1_3_6_mut_E102TS103TK106DV107L_round_1_0007_0001,-24.400,0.625
6_1_3_6_mut_E102TS103TK106DV107L_round_1_0011_0001,-24.962,0.625
6_1_3_6_mut_E102TS103TK106DV107L_round_1_0016_0001,-24.595,0.626
6_1_3_6_mut_E102TS103TK106DV107L_round_1_0019_0001,-24.519,0.626
6_1_4_6_mut_E102TS103TK106DV107L_round_1_0002_0001,-24.415,0.624
6_1_4_6_mut_E102TS103TK106DV107L_round_1_0008_0001,-24.608,0.625
6_1_4_6_mut_E102TS103TK106DV107L_round_1_0014_0001,-24.548,0.625
6_1_4_6_mut_E102TS103TK106DV107L_round_1_0017_0001,-24.778,0.627
6_1_5_6_mut_E102TS103TK106DV107L_round_1_0004_0001,-24.948,0.625
6_1_5_6_mut_E102TS103TK106DV107L_round_1_0006_0001,-24.579,0.627
6_1_6_6_mut_E102TS103TK106DV107L_round_1_0003_0001,-24.029,0.625
6_1_6_6_mut_E102TS103TK106DV107L_round_1_0022_0001,-24.965,0.625
6_1_7_6_mut_E102TS103TK106DV107L_round_1_0007_0001,-24.068,0.626
6_1_7_6_mut_E102TS103TK106DV107L_round_1_0013_0001,-24.683,0.626
6_1_7_6_mut_E102TS103TK106DV107L_round_1_0016_0001,-24.483,0.625
6_1_8_6_mut_E102TS103TK106DV107L_round_1_0008_0001,-24.652,0.625
6_1_8_6_mut_E102TS103TK106DV107L_round_1_0009_0001,-23.947,0.625
6_1_8_6_mut_E102TS103TK106DV107L_round_1_0011_0001,-24.322,0.625
8_4_3_8_mut_E102TS103TK106DV107L_round_4_0009_0001,-24.590,0.625
8_4_4_8_mut_E102TS103TK106DV107L_round_4_0002_0001,-24.010,0.628
8_4_4_8_mut_E102TS103TK106DV107L_round_4_0009_0001,-23.457,0.625
8_4_5_8_mut_E102TS103TK106DV107L_round_4_0007_0001,-24.029,0.625
8_4_5_8_mut_E102TS103TK106DV107L_round_4_0008_0001,-24.001,0.625
8_4_5_8_mut_E102TS103TK106DV107L_round_4_0011_0001,-24.990,0.626
8_4_6_8_mut_E102TS103TK106DV107L_round_4_0008_0001,-24.594,0.626
8_4_6_8_mut_E102TS103TK106DV107L_round_4_0011_0001,-24.437,0.624
8_4_6_8_mut_E102TS103TK106DV107L_round_4_0016_0001,-22.558,0.625
8_5_1_8_mut_E102TS103TK106DV107L_round_5_0011_0001,-24.960,0.626
8_5_1_8_mut_E102TS103TK106DV107L_round_5_0022_0001,-24.617,0.624
8_5_2_8_mut_E102TS103TK106DV107L_round_5_0008_0001,-24.618,0.624
8_5_2_8_mut_E102TS103TK106DV107L_round_5_0017_0001,-24.172,0.625
8_5_3_8_mut_E102TS103TK106DV107L_round_5_0010_0001,-24.217,0.627
8_5_3_8_mut_E102TS103TK106DV107L_round_5_0014_0001,-24.501,0.623
8_5_3_8_mut_E102TS103TK106DV107L_round_5_0016_0001,-24.706,0.624
8_5_3_8_mut_E102TS103TK106DV107L_round_5_0018_0001,-24.614,0.625
8_5_4_8_mut_E102TS103TK106DV107L_round_5_0003_0001,-24.408,0.625
8_5_4_8_mut_E102TS103TK106DV107L_round_5_0006_0001,-24.613,0.625
8_5_4_8_mut_E102TS103TK106DV107L_round_5_0024_0001,-23.935,0.625
8_5_5_8_mut_E102TS103TK106DV107L_round_5_0006_0001,-24.004,0.625
8_5_5_8_mut_E102TS103TK106DV107L_round_5_0021_0001,-25.002,0.625
8_5_6_8_mut_E102TS103TK106DV107L_round_5_0007_0001,-24.532,0.624
8_5_6_8_mut_E102TS103TK106DV107L_round_5_0012_0001,-23.939,0.625
8_5_7_8_mut_E102TS103TK106DV107L_round_5_0004_0001,-24.689,0.624
8_5_7_8_mut_E102TS103TK106DV107L_round_5_0008_0001,-24.627,0.626
8_5_7_8_mut_E102TS103TK106DV107L_round_5_0023_0001,-24.486,0.625
8_5_8_8_mut_E102TS103TK106DV107L_round_5_0006_0001,-24.940,0.625
8_5_8_8_mut_E102TS103TK106DV107L_round_5_0016_0001,-23.433,0.627
